call_id,caller_phone_id,receiver_phone_id,timestamp,duration_seconds,tower_location_id,source_evidence_file_id
CALL-0000001,PH-000001,PH-000002,2026-07-28T00:00:00,243,TOWER-Warangal,
CALL-0000002,PH-000001,PH-000002,2026-08-04T00:00:00,391,TOWER-Warangal,
CALL-0000003,PH-000001,PH-000002,2026-08-08T00:00:00,884,TOWER-Warangal,
CALL-0000004,PH-000001,PH-000002,2026-08-14T00:00:00,499,TOWER-Warangal,
CALL-0000005,PH-000001,PH-000003,2026-07-26T00:00:00,154,TOWER-Warangal,
CALL-0000006,PH-000001,PH-000003,2026-08-01T00:00:00,241,TOWER-Warangal,
CALL-0000007,PH-000001,PH-000003,2026-08-06T00:00:00,801,TOWER-Warangal,
CALL-0000008,PH-000002,PH-000004,2026-07-22T00:00:00,165,TOWER-Rangareddy,
CALL-0000009,PH-000002,PH-000004,2026-07-23T00:00:00,141,TOWER-Rangareddy,
CALL-0000010,PH-000002,PH-000004,2026-07-24T00:00:00,260,TOWER-Rangareddy,
CALL-0000011,PH-000002,PH-000004,2026-07-25T00:00:00,183,TOWER-Rangareddy,
CALL-0000012,PH-000002,PH-000004,2026-07-26T00:00:00,81,TOWER-Rangareddy,
CALL-0000013,PH-000002,PH-000004,2026-07-27T00:00:00,143,TOWER-Rangareddy,
CALL-0000014,PH-000002,PH-000004,2026-07-28T00:00:00,128,TOWER-Rangareddy,
CALL-0000015,PH-000002,PH-000004,2026-07-29T00:00:00,97,TOWER-Rangareddy,
CALL-0000016,PH-000002,PH-000004,2026-07-31T00:00:00,85,TOWER-Rangareddy,
CALL-0000017,PH-000002,PH-000004,2026-08-01T00:00:00,148,TOWER-Rangareddy,
CALL-0000018,PH-000002,PH-000004,2026-08-03T00:00:00,210,TOWER-Rangareddy,
CALL-0000019,PH-000003,PH-000005,2026-07-22T00:00:00,78,TOWER-Warangal,
CALL-0000020,PH-000003,PH-000005,2026-07-23T00:00:00,245,TOWER-Warangal,
CALL-0000021,PH-000003,PH-000005,2026-07-24T00:00:00,217,TOWER-Warangal,
CALL-0000022,PH-000003,PH-000005,2026-07-25T00:00:00,266,TOWER-Warangal,
CALL-0000023,PH-000003,PH-000005,2026-07-26T00:00:00,269,TOWER-Warangal,
CALL-0000024,PH-000003,PH-000005,2026-07-27T00:00:00,133,TOWER-Warangal,
CALL-0000025,PH-000003,PH-000005,2026-07-28T00:00:00,165,TOWER-Warangal,
CALL-0000026,PH-000003,PH-000005,2026-07-29T00:00:00,147,TOWER-Warangal,
CALL-0000027,PH-000003,PH-000005,2026-07-30T00:00:00,233,TOWER-Warangal,
CALL-0000028,PH-000003,PH-000005,2026-07-31T00:00:00,115,TOWER-Warangal,
CALL-0000029,PH-000003,PH-000005,2026-08-01T00:00:00,220,TOWER-Warangal,
CALL-0000030,PH-000002,PH-000006,2026-07-22T00:00:00,297,TOWER-Rangareddy,
CALL-0000031,PH-000002,PH-000006,2026-07-23T00:00:00,78,TOWER-Rangareddy,
CALL-0000032,PH-000002,PH-000006,2026-07-24T00:00:00,230,TOWER-Rangareddy,
CALL-0000033,PH-000002,PH-000006,2026-07-25T00:00:00,186,TOWER-Rangareddy,
CALL-0000034,PH-000002,PH-000006,2026-07-26T00:00:00,263,TOWER-Rangareddy,
CALL-0000035,PH-000002,PH-000006,2026-07-27T00:00:00,286,TOWER-Rangareddy,
CALL-0000036,PH-000002,PH-000006,2026-07-28T00:00:00,186,TOWER-Rangareddy,
CALL-0000037,PH-000002,PH-000006,2026-07-29T00:00:00,270,TOWER-Rangareddy,
CALL-0000038,PH-000002,PH-000006,2026-07-30T00:00:00,201,TOWER-Rangareddy,
CALL-0000039,PH-000004,PH-000254,2026-07-30T11:10:00,455,TOWER-Hyderabad,
CALL-0000040,PH-000004,PH-000254,2026-07-30T11:06:00,206,TOWER-Hyderabad,
CALL-0000041,PH-000004,PH-000255,2026-07-25T13:07:00,120,TOWER-Hyderabad,
CALL-0000042,PH-000004,PH-000255,2026-07-25T13:01:00,229,TOWER-Hyderabad,
CALL-0000043,PH-000004,PH-000256,2026-07-22T09:02:00,512,TOWER-Hyderabad,
CALL-0000044,PH-000004,PH-000257,2026-08-11T17:06:00,51,TOWER-Hyderabad,
CALL-0000045,PH-000004,PH-000258,2026-07-23T18:00:00,170,TOWER-Hyderabad,
CALL-0000046,PH-000004,PH-000258,2026-07-23T18:00:00,549,TOWER-Hyderabad,
CALL-0000047,PH-000004,PH-000258,2026-07-23T18:09:00,391,TOWER-Hyderabad,
CALL-0000048,PH-000004,PH-000259,2026-08-08T16:04:00,376,TOWER-Hyderabad,
CALL-0000049,PH-000004,PH-000259,2026-08-08T16:02:00,568,TOWER-Hyderabad,
CALL-0000050,PH-000004,PH-000259,2026-08-08T16:10:00,432,TOWER-Hyderabad,
CALL-0000051,PH-000004,PH-000260,2026-07-23T14:04:00,259,TOWER-Hyderabad,
CALL-0000052,PH-000004,PH-000260,2026-07-23T14:06:00,35,TOWER-Hyderabad,
CALL-0000053,PH-000004,PH-000261,2026-07-28T13:06:00,200,TOWER-Hyderabad,
CALL-0000054,PH-000004,PH-000261,2026-07-28T13:00:00,110,TOWER-Hyderabad,
CALL-0000055,PH-000004,PH-000262,2026-08-02T17:03:00,118,TOWER-Hyderabad,
CALL-0000056,PH-000004,PH-000263,2026-07-30T15:07:00,381,TOWER-Hyderabad,
CALL-0000057,PH-000004,PH-000263,2026-07-30T15:00:00,73,TOWER-Hyderabad,
CALL-0000058,PH-000004,PH-000264,2026-08-06T15:04:00,218,TOWER-Hyderabad,
CALL-0000059,PH-000004,PH-000265,2026-07-28T18:10:00,579,TOWER-Hyderabad,
CALL-0000060,PH-000004,PH-000266,2026-08-11T09:02:00,348,TOWER-Hyderabad,
CALL-0000061,PH-000004,PH-000266,2026-08-11T09:03:00,456,TOWER-Hyderabad,
CALL-0000062,PH-000004,PH-000266,2026-08-11T09:09:00,252,TOWER-Hyderabad,
CALL-0000063,PH-000004,PH-000267,2026-07-23T11:05:00,336,TOWER-Hyderabad,
CALL-0000064,PH-000004,PH-000267,2026-07-23T11:04:00,511,TOWER-Hyderabad,
CALL-0000065,PH-000004,PH-000268,2026-08-17T11:00:00,154,TOWER-Hyderabad,
CALL-0000066,PH-000004,PH-000268,2026-08-17T11:03:00,145,TOWER-Hyderabad,
CALL-0000067,PH-000004,PH-000268,2026-08-17T11:04:00,422,TOWER-Hyderabad,
CALL-0000068,PH-000004,PH-000269,2026-07-27T14:06:00,389,TOWER-Hyderabad,
CALL-0000069,PH-000004,PH-000269,2026-07-27T14:06:00,552,TOWER-Hyderabad,
CALL-0000070,PH-000004,PH-000269,2026-07-27T14:08:00,531,TOWER-Hyderabad,
CALL-0000071,PH-000004,PH-000270,2026-08-11T17:06:00,156,TOWER-Hyderabad,
CALL-0000072,PH-000004,PH-000270,2026-08-11T17:04:00,320,TOWER-Hyderabad,
CALL-0000073,PH-000004,PH-000270,2026-08-11T17:08:00,398,TOWER-Hyderabad,
CALL-0000074,PH-000004,PH-000271,2026-07-26T12:04:00,228,TOWER-Hyderabad,
CALL-0000075,PH-000004,PH-000271,2026-07-26T12:01:00,139,TOWER-Hyderabad,
CALL-0000076,PH-000004,PH-000271,2026-07-26T12:10:00,330,TOWER-Hyderabad,
CALL-0000077,PH-000004,PH-000272,2026-08-16T14:08:00,205,TOWER-Hyderabad,
CALL-0000078,PH-000004,PH-000272,2026-08-16T14:10:00,481,TOWER-Hyderabad,
CALL-0000079,PH-000004,PH-000272,2026-08-16T14:07:00,562,TOWER-Hyderabad,
CALL-0000080,PH-000004,PH-000273,2026-07-25T14:03:00,382,TOWER-Hyderabad,
CALL-0000081,PH-000004,PH-000273,2026-07-25T14:02:00,395,TOWER-Hyderabad,
CALL-0000082,PH-000004,PH-000273,2026-07-25T14:10:00,348,TOWER-Hyderabad,
CALL-0000083,PH-000004,PH-000274,2026-07-26T12:06:00,102,TOWER-Hyderabad,
CALL-0000084,PH-000004,PH-000275,2026-08-14T17:03:00,252,TOWER-Hyderabad,
CALL-0000085,PH-000004,PH-000276,2026-08-17T10:01:00,263,TOWER-Hyderabad,
CALL-0000086,PH-000004,PH-000276,2026-08-17T10:07:00,41,TOWER-Hyderabad,
CALL-0000087,PH-000004,PH-000277,2026-07-28T15:10:00,589,TOWER-Hyderabad,
CALL-0000088,PH-000004,PH-000277,2026-07-28T15:07:00,312,TOWER-Hyderabad,
CALL-0000089,PH-000004,PH-000277,2026-07-28T15:09:00,219,TOWER-Hyderabad,
CALL-0000090,PH-000004,PH-000278,2026-08-19T14:03:00,117,TOWER-Hyderabad,
CALL-0000091,PH-000004,PH-000278,2026-08-19T14:00:00,459,TOWER-Hyderabad,
CALL-0000092,PH-000004,PH-000278,2026-08-19T14:04:00,475,TOWER-Hyderabad,
CALL-0000093,PH-000004,PH-000279,2026-08-14T11:07:00,357,TOWER-Hyderabad,
CALL-0000094,PH-000004,PH-000279,2026-08-14T11:03:00,70,TOWER-Hyderabad,
CALL-0000095,PH-000004,PH-000279,2026-08-14T11:03:00,493,TOWER-Hyderabad,
CALL-0000096,PH-000004,PH-000280,2026-08-13T10:09:00,121,TOWER-Hyderabad,
CALL-0000097,PH-000004,PH-000280,2026-08-13T10:05:00,376,TOWER-Hyderabad,
CALL-0000098,PH-000004,PH-000280,2026-08-13T10:03:00,415,TOWER-Hyderabad,
CALL-0000099,PH-000004,PH-000281,2026-07-29T14:04:00,465,TOWER-Hyderabad,
CALL-0000100,PH-000004,PH-000281,2026-07-29T14:02:00,575,TOWER-Hyderabad,
CALL-0000101,PH-000005,PH-000282,2026-07-24T13:09:00,318,TOWER-Warangal,
CALL-0000102,PH-000005,PH-000282,2026-07-24T13:07:00,563,TOWER-Warangal,
CALL-0000103,PH-000005,PH-000282,2026-07-24T13:07:00,482,TOWER-Warangal,
CALL-0000104,PH-000005,PH-000283,2026-08-08T13:02:00,343,TOWER-Warangal,
CALL-0000105,PH-000005,PH-000283,2026-08-08T13:08:00,119,TOWER-Warangal,
CALL-0000106,PH-000005,PH-000283,2026-08-08T13:04:00,572,TOWER-Warangal,
CALL-0000107,PH-000005,PH-000284,2026-08-02T15:10:00,265,TOWER-Warangal,
CALL-0000108,PH-000005,PH-000284,2026-08-02T15:00:00,317,TOWER-Warangal,
CALL-0000109,PH-000005,PH-000284,2026-08-02T15:06:00,315,TOWER-Warangal,
CALL-0000110,PH-000005,PH-000285,2026-08-19T14:06:00,54,TOWER-Warangal,
CALL-0000111,PH-000005,PH-000286,2026-07-25T09:08:00,537,TOWER-Warangal,
CALL-0000112,PH-000005,PH-000286,2026-07-25T09:00:00,313,TOWER-Warangal,
CALL-0000113,PH-000005,PH-000287,2026-08-13T14:10:00,414,TOWER-Warangal,
CALL-0000114,PH-000005,PH-000288,2026-07-26T12:02:00,587,TOWER-Warangal,
CALL-0000115,PH-000005,PH-000288,2026-07-26T12:08:00,509,TOWER-Warangal,
CALL-0000116,PH-000005,PH-000288,2026-07-26T12:05:00,242,TOWER-Warangal,
CALL-0000117,PH-000005,PH-000289,2026-08-09T10:05:00,154,TOWER-Warangal,
CALL-0000118,PH-000005,PH-000290,2026-08-03T11:01:00,223,TOWER-Warangal,
CALL-0000119,PH-000005,PH-000290,2026-08-03T11:07:00,249,TOWER-Warangal,
CALL-0000120,PH-000005,PH-000290,2026-08-03T11:10:00,512,TOWER-Warangal,
CALL-0000121,PH-000005,PH-000291,2026-08-14T15:09:00,432,TOWER-Warangal,
CALL-0000122,PH-000005,PH-000292,2026-08-02T18:03:00,505,TOWER-Warangal,
CALL-0000123,PH-000005,PH-000292,2026-08-02T18:03:00,323,TOWER-Warangal,
CALL-0000124,PH-000005,PH-000292,2026-08-02T18:02:00,349,TOWER-Warangal,
CALL-0000125,PH-000005,PH-000293,2026-07-24T18:06:00,493,TOWER-Warangal,
CALL-0000126,PH-000005,PH-000294,2026-08-02T15:09:00,442,TOWER-Warangal,
CALL-0000127,PH-000005,PH-000294,2026-08-02T15:10:00,475,TOWER-Warangal,
CALL-0000128,PH-000005,PH-000295,2026-07-31T16:06:00,257,TOWER-Warangal,
CALL-0000129,PH-000005,PH-000295,2026-07-31T16:03:00,186,TOWER-Warangal,
CALL-0000130,PH-000005,PH-000295,2026-07-31T16:07:00,513,TOWER-Warangal,
CALL-0000131,PH-000005,PH-000296,2026-08-10T17:01:00,517,TOWER-Warangal,
CALL-0000132,PH-000005,PH-000297,2026-07-26T17:09:00,545,TOWER-Warangal,
CALL-0000133,PH-000005,PH-000298,2026-07-29T10:09:00,444,TOWER-Warangal,
CALL-0000134,PH-000005,PH-000298,2026-07-29T10:05:00,421,TOWER-Warangal,
CALL-0000135,PH-000005,PH-000299,2026-07-23T16:03:00,380,TOWER-Warangal,
CALL-0000136,PH-000005,PH-000299,2026-07-23T16:10:00,171,TOWER-Warangal,
CALL-0000137,PH-000005,PH-000299,2026-07-23T16:09:00,447,TOWER-Warangal,
CALL-0000138,PH-000005,PH-000300,2026-08-01T15:08:00,586,TOWER-Warangal,
CALL-0000139,PH-000005,PH-000300,2026-08-01T15:05:00,405,TOWER-Warangal,
CALL-0000140,PH-000005,PH-000301,2026-08-04T16:09:00,477,TOWER-Warangal,
CALL-0000141,PH-000005,PH-000301,2026-08-04T16:06:00,487,TOWER-Warangal,
CALL-0000142,PH-000005,PH-000301,2026-08-04T16:01:00,42,TOWER-Warangal,
CALL-0000143,PH-000005,PH-000302,2026-08-02T13:09:00,201,TOWER-Warangal,
CALL-0000144,PH-000005,PH-000302,2026-08-02T13:01:00,567,TOWER-Warangal,
CALL-0000145,PH-000005,PH-000303,2026-08-12T17:08:00,540,TOWER-Warangal,
CALL-0000146,PH-000005,PH-000303,2026-08-12T17:07:00,461,TOWER-Warangal,
CALL-0000147,PH-000005,PH-000303,2026-08-12T17:03:00,261,TOWER-Warangal,
CALL-0000148,PH-000005,PH-000304,2026-08-13T18:08:00,421,TOWER-Warangal,
CALL-0000149,PH-000005,PH-000305,2026-08-02T16:05:00,281,TOWER-Warangal,
CALL-0000150,PH-000005,PH-000305,2026-08-02T16:03:00,97,TOWER-Warangal,
CALL-0000151,PH-000005,PH-000306,2026-08-17T09:04:00,439,TOWER-Warangal,
CALL-0000152,PH-000005,PH-000306,2026-08-17T09:09:00,476,TOWER-Warangal,
CALL-0000153,PH-000005,PH-000307,2026-07-21T11:08:00,574,TOWER-Warangal,
CALL-0000154,PH-000005,PH-000307,2026-07-21T11:04:00,358,TOWER-Warangal,
CALL-0000155,PH-000005,PH-000308,2026-08-18T13:05:00,142,TOWER-Warangal,
CALL-0000156,PH-000005,PH-000308,2026-08-18T13:05:00,119,TOWER-Warangal,
CALL-0000157,PH-000005,PH-000309,2026-08-15T17:02:00,432,TOWER-Warangal,
CALL-0000158,PH-000005,PH-000310,2026-07-30T09:08:00,119,TOWER-Warangal,
CALL-0000159,PH-000005,PH-000310,2026-07-30T09:01:00,340,TOWER-Warangal,
CALL-0000160,PH-000005,PH-000310,2026-07-30T09:08:00,245,TOWER-Warangal,
CALL-0000161,PH-000005,PH-000311,2026-08-13T18:03:00,171,TOWER-Warangal,
CALL-0000162,PH-000005,PH-000311,2026-08-13T18:01:00,424,TOWER-Warangal,
CALL-0000163,PH-000006,PH-000312,2026-08-04T17:05:00,262,TOWER-Hyderabad,
CALL-0000164,PH-000006,PH-000313,2026-07-30T14:04:00,223,TOWER-Hyderabad,
CALL-0000165,PH-000006,PH-000313,2026-07-30T14:04:00,331,TOWER-Hyderabad,
CALL-0000166,PH-000006,PH-000314,2026-08-10T17:00:00,190,TOWER-Hyderabad,
CALL-0000167,PH-000006,PH-000314,2026-08-10T17:08:00,484,TOWER-Hyderabad,
CALL-0000168,PH-000006,PH-000315,2026-08-09T11:10:00,61,TOWER-Hyderabad,
CALL-0000169,PH-000006,PH-000315,2026-08-09T11:00:00,416,TOWER-Hyderabad,
CALL-0000170,PH-000006,PH-000316,2026-08-12T11:08:00,91,TOWER-Hyderabad,
CALL-0000171,PH-000006,PH-000316,2026-08-12T11:01:00,389,TOWER-Hyderabad,
CALL-0000172,PH-000006,PH-000316,2026-08-12T11:05:00,374,TOWER-Hyderabad,
CALL-0000173,PH-000006,PH-000317,2026-07-21T11:01:00,157,TOWER-Hyderabad,
CALL-0000174,PH-000006,PH-000317,2026-07-21T11:07:00,481,TOWER-Hyderabad,
CALL-0000175,PH-000006,PH-000317,2026-07-21T11:10:00,103,TOWER-Hyderabad,
CALL-0000176,PH-000006,PH-000318,2026-08-04T15:03:00,81,TOWER-Hyderabad,
CALL-0000177,PH-000006,PH-000318,2026-08-04T15:03:00,571,TOWER-Hyderabad,
CALL-0000178,PH-000006,PH-000318,2026-08-04T15:06:00,48,TOWER-Hyderabad,
CALL-0000179,PH-000006,PH-000319,2026-07-30T12:04:00,171,TOWER-Hyderabad,
CALL-0000180,PH-000006,PH-000319,2026-07-30T12:04:00,330,TOWER-Hyderabad,
CALL-0000181,PH-000006,PH-000319,2026-07-30T12:07:00,490,TOWER-Hyderabad,
CALL-0000182,PH-000006,PH-000320,2026-07-30T17:00:00,96,TOWER-Hyderabad,
CALL-0000183,PH-000006,PH-000320,2026-07-30T17:05:00,455,TOWER-Hyderabad,
CALL-0000184,PH-000006,PH-000321,2026-07-22T17:10:00,220,TOWER-Hyderabad,
CALL-0000185,PH-000006,PH-000322,2026-07-22T11:01:00,280,TOWER-Hyderabad,
CALL-0000186,PH-000006,PH-000322,2026-07-22T11:01:00,322,TOWER-Hyderabad,
CALL-0000187,PH-000006,PH-000323,2026-08-08T13:10:00,327,TOWER-Hyderabad,
CALL-0000188,PH-000006,PH-000323,2026-08-08T13:04:00,557,TOWER-Hyderabad,
CALL-0000189,PH-000006,PH-000323,2026-08-08T13:05:00,370,TOWER-Hyderabad,
CALL-0000190,PH-000006,PH-000324,2026-08-08T15:01:00,30,TOWER-Hyderabad,
CALL-0000191,PH-000006,PH-000325,2026-08-02T17:04:00,223,TOWER-Hyderabad,
CALL-0000192,PH-000006,PH-000326,2026-08-04T09:04:00,265,TOWER-Hyderabad,
CALL-0000193,PH-000006,PH-000326,2026-08-04T09:01:00,155,TOWER-Hyderabad,
CALL-0000194,PH-000006,PH-000326,2026-08-04T09:07:00,592,TOWER-Hyderabad,
CALL-0000195,PH-000006,PH-000327,2026-08-01T17:04:00,550,TOWER-Hyderabad,
CALL-0000196,PH-000006,PH-000327,2026-08-01T17:06:00,86,TOWER-Hyderabad,
CALL-0000197,PH-000006,PH-000328,2026-08-13T15:05:00,158,TOWER-Hyderabad,
CALL-0000198,PH-000006,PH-000328,2026-08-13T15:09:00,487,TOWER-Hyderabad,
CALL-0000199,PH-000006,PH-000328,2026-08-13T15:04:00,111,TOWER-Hyderabad,
CALL-0000200,PH-000006,PH-000329,2026-07-30T12:07:00,34,TOWER-Hyderabad,
CALL-0000201,PH-000006,PH-000329,2026-07-30T12:01:00,118,TOWER-Hyderabad,
CALL-0000202,PH-000006,PH-000330,2026-07-23T15:10:00,85,TOWER-Hyderabad,
CALL-0000203,PH-000006,PH-000331,2026-08-09T12:05:00,474,TOWER-Hyderabad,
CALL-0000204,PH-000006,PH-000332,2026-08-08T15:09:00,205,TOWER-Hyderabad,
CALL-0000205,PH-000006,PH-000332,2026-08-08T15:01:00,548,TOWER-Hyderabad,
CALL-0000206,PH-000006,PH-000332,2026-08-08T15:05:00,161,TOWER-Hyderabad,
CALL-0000207,PH-000006,PH-000333,2026-08-03T12:08:00,71,TOWER-Hyderabad,
CALL-0000208,PH-000006,PH-000334,2026-08-14T10:01:00,129,TOWER-Hyderabad,
CALL-0000209,PH-000006,PH-000335,2026-08-01T11:10:00,157,TOWER-Hyderabad,
CALL-0000210,PH-000006,PH-000335,2026-08-01T11:09:00,310,TOWER-Hyderabad,
CALL-0000211,PH-000007,PH-000008,2026-07-23T00:30:00,223,TOWER-Rangareddy,
CALL-0000212,PH-000007,PH-000008,2026-07-23T00:03:00,142,TOWER-Rangareddy,
CALL-0000213,PH-000007,PH-000009,2026-08-02T00:21:00,149,TOWER-Rangareddy,
CALL-0000214,PH-000007,PH-000009,2026-08-02T00:21:00,167,TOWER-Rangareddy,
CALL-0000215,PH-000007,PH-000010,2026-08-03T00:24:00,221,TOWER-Rangareddy,
CALL-0000216,PH-000007,PH-000011,2026-07-25T00:14:00,145,TOWER-Rangareddy,
CALL-0000217,PH-000007,PH-000012,2026-07-29T00:25:00,205,TOWER-Rangareddy,
CALL-0000218,PH-000007,PH-000013,2026-07-23T00:29:00,101,TOWER-Rangareddy,
CALL-0000219,PH-000007,PH-000014,2026-07-21T00:04:00,111,TOWER-Rangareddy,
CALL-0000220,PH-000007,PH-000014,2026-07-21T00:10:00,186,TOWER-Rangareddy,
CALL-0000221,PH-000007,PH-000015,2026-07-25T00:25:00,252,TOWER-Rangareddy,
CALL-0000222,PH-000007,PH-000015,2026-07-25T00:18:00,155,TOWER-Rangareddy,
CALL-0000223,PH-000007,PH-000016,2026-07-28T00:22:00,242,TOWER-Rangareddy,
CALL-0000224,PH-000007,PH-000017,2026-07-25T00:13:00,154,TOWER-Rangareddy,
CALL-0000225,PH-000007,PH-000018,2026-08-03T00:05:00,221,TOWER-Rangareddy,
CALL-0000226,PH-000007,PH-000019,2026-07-27T00:08:00,300,TOWER-Rangareddy,
CALL-0000227,PH-000007,PH-000019,2026-07-27T00:16:00,149,TOWER-Rangareddy,
CALL-0000228,PH-000007,PH-000020,2026-07-29T00:09:00,277,TOWER-Rangareddy,
CALL-0000229,PH-000007,PH-000021,2026-07-21T00:03:00,51,TOWER-Rangareddy,
CALL-0000230,PH-000007,PH-000022,2026-07-27T00:18:00,99,TOWER-Rangareddy,
CALL-0000231,PH-000007,PH-000023,2026-08-05T00:18:00,124,TOWER-Rangareddy,
CALL-0000232,PH-000007,PH-000023,2026-08-05T00:30:00,35,TOWER-Rangareddy,
CALL-0000233,PH-000007,PH-000023,2026-08-05T00:11:00,219,TOWER-Rangareddy,
CALL-0000234,PH-000007,PH-000024,2026-07-23T00:30:00,70,TOWER-Rangareddy,
CALL-0000235,PH-000007,PH-000024,2026-07-23T00:08:00,97,TOWER-Rangareddy,
CALL-0000236,PH-000007,PH-000024,2026-07-23T00:28:00,292,TOWER-Rangareddy,
CALL-0000237,PH-000007,PH-000025,2026-07-26T00:09:00,280,TOWER-Rangareddy,
CALL-0000238,PH-000007,PH-000025,2026-07-26T00:17:00,278,TOWER-Rangareddy,
CALL-0000239,PH-000007,PH-000025,2026-07-26T00:17:00,186,TOWER-Rangareddy,
CALL-0000240,PH-000007,PH-000026,2026-07-25T00:06:00,268,TOWER-Rangareddy,
CALL-0000241,PH-000007,PH-000026,2026-07-25T00:19:00,91,TOWER-Rangareddy,
CALL-0000242,PH-000007,PH-000027,2026-08-04T00:14:00,160,TOWER-Rangareddy,
CALL-0000243,PH-000007,PH-000027,2026-08-04T00:26:00,220,TOWER-Rangareddy,
CALL-0000244,PH-000007,PH-000028,2026-07-28T00:15:00,37,TOWER-Rangareddy,
CALL-0000245,PH-000007,PH-000028,2026-07-28T00:02:00,242,TOWER-Rangareddy,
CALL-0000246,PH-000007,PH-000028,2026-07-28T00:15:00,151,TOWER-Rangareddy,
CALL-0000247,PH-000007,PH-000029,2026-08-02T00:07:00,100,TOWER-Rangareddy,
CALL-0000248,PH-000007,PH-000029,2026-08-02T00:00:00,156,TOWER-Rangareddy,
CALL-0000249,PH-000007,PH-000030,2026-07-26T00:22:00,246,TOWER-Rangareddy,
CALL-0000250,PH-000007,PH-000030,2026-07-26T00:08:00,30,TOWER-Rangareddy,
CALL-0000251,PH-000007,PH-000031,2026-07-25T00:11:00,117,TOWER-Rangareddy,
CALL-0000252,PH-000007,PH-000031,2026-07-25T00:14:00,170,TOWER-Rangareddy,
CALL-0000253,PH-000007,PH-000032,2026-08-05T00:02:00,199,TOWER-Rangareddy,
CALL-0000254,PH-000007,PH-000032,2026-08-05T00:27:00,141,TOWER-Rangareddy,
CALL-0000255,PH-000007,PH-000032,2026-08-05T00:13:00,264,TOWER-Rangareddy,
CALL-0000256,PH-000007,PH-000033,2026-07-24T00:20:00,298,TOWER-Rangareddy,
CALL-0000257,PH-000007,PH-000034,2026-08-01T00:14:00,286,TOWER-Rangareddy,
CALL-0000258,PH-000007,PH-000035,2026-07-24T00:10:00,211,TOWER-Rangareddy,
CALL-0000259,PH-000007,PH-000035,2026-07-24T00:18:00,288,TOWER-Rangareddy,
CALL-0000260,PH-000007,PH-000036,2026-07-23T00:00:00,286,TOWER-Rangareddy,
CALL-0000261,PH-000007,PH-000037,2026-08-02T00:18:00,96,TOWER-Rangareddy,
CALL-0000262,PH-000007,PH-000037,2026-08-02T00:19:00,284,TOWER-Rangareddy,
CALL-0000263,PH-000007,PH-000038,2026-07-23T00:04:00,34,TOWER-Rangareddy,
CALL-0000264,PH-000007,PH-000039,2026-08-03T00:05:00,211,TOWER-Rangareddy,
CALL-0000265,PH-000007,PH-000039,2026-08-03T00:08:00,91,TOWER-Rangareddy,
CALL-0000266,PH-000007,PH-000040,2026-07-25T00:06:00,113,TOWER-Rangareddy,
CALL-0000267,PH-000007,PH-000041,2026-07-28T00:18:00,63,TOWER-Rangareddy,
CALL-0000268,PH-000007,PH-000041,2026-07-28T00:10:00,84,TOWER-Rangareddy,
CALL-0000269,PH-000007,PH-000042,2026-07-23T00:02:00,102,TOWER-Rangareddy,
CALL-0000270,PH-000007,PH-000042,2026-07-23T00:28:00,276,TOWER-Rangareddy,
CALL-0000271,PH-000007,PH-000043,2026-07-26T00:23:00,277,TOWER-Rangareddy,
CALL-0000272,PH-000007,PH-000043,2026-07-26T00:16:00,196,TOWER-Rangareddy,
CALL-0000273,PH-000007,PH-000044,2026-07-22T00:01:00,260,TOWER-Rangareddy,
CALL-0000274,PH-000007,PH-000045,2026-08-02T00:24:00,108,TOWER-Rangareddy,
CALL-0000275,PH-000007,PH-000045,2026-08-02T00:20:00,126,TOWER-Rangareddy,
CALL-0000276,PH-000007,PH-000046,2026-08-05T00:25:00,102,TOWER-Rangareddy,
CALL-0000277,PH-000007,PH-000047,2026-07-29T00:21:00,289,TOWER-Rangareddy,
CALL-0000278,PH-000007,PH-000048,2026-07-31T00:29:00,117,TOWER-Rangareddy,
CALL-0000279,PH-000007,PH-000048,2026-07-31T00:00:00,86,TOWER-Rangareddy,
CALL-0000280,PH-000007,PH-000048,2026-07-31T00:17:00,283,TOWER-Rangareddy,
CALL-0000281,PH-000007,PH-000049,2026-07-29T00:24:00,235,TOWER-Rangareddy,
CALL-0000282,PH-000007,PH-000049,2026-07-29T00:24:00,94,TOWER-Rangareddy,
CALL-0000283,PH-000007,PH-000049,2026-07-29T00:19:00,114,TOWER-Rangareddy,
CALL-0000284,PH-000007,PH-000050,2026-07-21T00:22:00,39,TOWER-Rangareddy,
CALL-0000285,PH-000007,PH-000051,2026-07-22T00:23:00,86,TOWER-Rangareddy,
CALL-0000286,PH-000007,PH-000051,2026-07-22T00:01:00,42,TOWER-Rangareddy,
CALL-0000287,PH-000007,PH-000052,2026-08-02T00:01:00,137,TOWER-Rangareddy,
CALL-0000288,PH-000007,PH-000053,2026-07-28T00:26:00,220,TOWER-Rangareddy,
CALL-0000289,PH-000007,PH-000053,2026-07-28T00:24:00,165,TOWER-Rangareddy,
CALL-0000290,PH-000007,PH-000054,2026-07-23T00:06:00,136,TOWER-Rangareddy,
CALL-0000291,PH-000007,PH-000055,2026-08-04T00:08:00,91,TOWER-Rangareddy,
CALL-0000292,PH-000007,PH-000055,2026-08-04T00:13:00,212,TOWER-Rangareddy,
CALL-0000293,PH-000007,PH-000056,2026-08-03T00:13:00,101,TOWER-Rangareddy,
CALL-0000294,PH-000007,PH-000057,2026-07-21T00:17:00,243,TOWER-Rangareddy,
CALL-0000295,PH-000007,PH-000057,2026-07-21T00:03:00,223,TOWER-Rangareddy,
CALL-0000296,PH-000007,PH-000058,2026-07-22T00:28:00,143,TOWER-Rangareddy,
CALL-0000297,PH-000007,PH-000058,2026-07-22T00:18:00,170,TOWER-Rangareddy,
CALL-0000298,PH-000007,PH-000059,2026-07-21T00:27:00,143,TOWER-Rangareddy,
CALL-0000299,PH-000007,PH-000059,2026-07-21T00:27:00,295,TOWER-Rangareddy,
CALL-0000300,PH-000007,PH-000060,2026-07-25T00:18:00,291,TOWER-Rangareddy,
CALL-0000301,PH-000007,PH-000060,2026-07-25T00:27:00,36,TOWER-Rangareddy,
CALL-0000302,PH-000007,PH-000060,2026-07-25T00:19:00,122,TOWER-Rangareddy,
CALL-0000303,PH-000007,PH-000061,2026-07-27T00:24:00,256,TOWER-Rangareddy,
CALL-0000304,PH-000007,PH-000061,2026-07-27T00:06:00,176,TOWER-Rangareddy,
CALL-0000305,PH-000007,PH-000061,2026-07-27T00:15:00,230,TOWER-Rangareddy,
CALL-0000306,PH-000007,PH-000062,2026-07-31T00:29:00,154,TOWER-Rangareddy,
CALL-0000307,PH-000007,PH-000062,2026-07-31T00:05:00,226,TOWER-Rangareddy,
CALL-0000308,PH-000007,PH-000062,2026-07-31T00:21:00,103,TOWER-Rangareddy,
CALL-0000309,PH-000007,PH-000063,2026-07-26T00:21:00,197,TOWER-Rangareddy,
CALL-0000310,PH-000007,PH-000063,2026-07-26T00:28:00,83,TOWER-Rangareddy,
CALL-0000311,PH-000007,PH-000064,2026-07-22T00:26:00,128,TOWER-Rangareddy,
CALL-0000312,PH-000007,PH-000064,2026-07-22T00:24:00,295,TOWER-Rangareddy,
CALL-0000313,PH-000007,PH-000064,2026-07-22T00:10:00,162,TOWER-Rangareddy,
CALL-0000314,PH-000007,PH-000065,2026-07-22T00:11:00,185,TOWER-Rangareddy,
CALL-0000315,PH-000007,PH-000065,2026-07-22T00:01:00,152,TOWER-Rangareddy,
CALL-0000316,PH-000007,PH-000066,2026-07-26T00:15:00,234,TOWER-Rangareddy,
CALL-0000317,PH-000007,PH-000066,2026-07-26T00:06:00,204,TOWER-Rangareddy,
CALL-0000318,PH-000007,PH-000066,2026-07-26T00:24:00,202,TOWER-Rangareddy,
CALL-0000319,PH-000007,PH-000067,2026-07-29T00:07:00,250,TOWER-Rangareddy,
CALL-0000320,PH-000007,PH-000068,2026-07-28T00:21:00,161,TOWER-Rangareddy,
CALL-0000321,PH-000007,PH-000069,2026-07-21T00:07:00,173,TOWER-Rangareddy,
CALL-0000322,PH-000007,PH-000069,2026-07-21T00:29:00,60,TOWER-Rangareddy,
CALL-0000323,PH-000007,PH-000070,2026-08-04T00:12:00,132,TOWER-Rangareddy,
CALL-0000324,PH-000007,PH-000070,2026-08-04T00:00:00,32,TOWER-Rangareddy,
CALL-0000325,PH-000007,PH-000070,2026-08-04T00:11:00,124,TOWER-Rangareddy,
CALL-0000326,PH-000007,PH-000071,2026-08-03T00:01:00,152,TOWER-Rangareddy,
CALL-0000327,PH-000007,PH-000072,2026-07-22T00:30:00,118,TOWER-Rangareddy,
CALL-0000328,PH-000007,PH-000072,2026-07-22T00:04:00,166,TOWER-Rangareddy,
CALL-0000329,PH-000007,PH-000073,2026-07-29T00:08:00,210,TOWER-Rangareddy,
CALL-0000330,PH-000007,PH-000074,2026-07-26T00:20:00,283,TOWER-Rangareddy,
CALL-0000331,PH-000007,PH-000074,2026-07-26T00:19:00,216,TOWER-Rangareddy,
CALL-0000332,PH-000007,PH-000074,2026-07-26T00:04:00,125,TOWER-Rangareddy,
CALL-0000333,PH-000007,PH-000075,2026-07-23T00:07:00,161,TOWER-Rangareddy,
CALL-0000334,PH-000007,PH-000075,2026-07-23T00:23:00,50,TOWER-Rangareddy,
CALL-0000335,PH-000007,PH-000076,2026-07-29T00:29:00,298,TOWER-Rangareddy,
CALL-0000336,PH-000007,PH-000076,2026-07-29T00:01:00,204,TOWER-Rangareddy,
CALL-0000337,PH-000007,PH-000077,2026-08-04T00:00:00,241,TOWER-Rangareddy,
CALL-0000338,PH-000007,PH-000077,2026-08-04T00:28:00,231,TOWER-Rangareddy,
CALL-0000339,PH-000007,PH-000078,2026-08-03T00:06:00,281,TOWER-Rangareddy,
CALL-0000340,PH-000007,PH-000078,2026-08-03T00:30:00,81,TOWER-Rangareddy,
CALL-0000341,PH-000007,PH-000078,2026-08-03T00:20:00,46,TOWER-Rangareddy,
CALL-0000342,PH-000007,PH-000079,2026-07-26T00:10:00,50,TOWER-Rangareddy,
CALL-0000343,PH-000007,PH-000080,2026-07-27T00:13:00,282,TOWER-Rangareddy,
CALL-0000344,PH-000007,PH-000081,2026-07-27T00:20:00,65,TOWER-Rangareddy,
CALL-0000345,PH-000007,PH-000082,2026-07-25T00:17:00,261,TOWER-Rangareddy,
CALL-0000346,PH-000007,PH-000083,2026-07-26T00:06:00,216,TOWER-Rangareddy,
CALL-0000347,PH-000007,PH-000084,2026-07-25T00:10:00,66,TOWER-Rangareddy,
CALL-0000348,PH-000007,PH-000084,2026-07-25T00:10:00,121,TOWER-Rangareddy,
CALL-0000349,PH-000007,PH-000085,2026-07-21T00:23:00,100,TOWER-Rangareddy,
CALL-0000350,PH-000007,PH-000085,2026-07-21T00:09:00,246,TOWER-Rangareddy,
CALL-0000351,PH-000007,PH-000086,2026-07-24T00:26:00,101,TOWER-Rangareddy,
CALL-0000352,PH-000007,PH-000086,2026-07-24T00:22:00,118,TOWER-Rangareddy,
CALL-0000353,PH-000007,PH-000086,2026-07-24T00:29:00,138,TOWER-Rangareddy,
CALL-0000354,PH-000007,PH-000087,2026-07-23T00:07:00,284,TOWER-Rangareddy,
CALL-0000355,PH-000007,PH-000087,2026-07-23T00:23:00,32,TOWER-Rangareddy,
CALL-0000356,PH-000007,PH-000087,2026-07-23T00:23:00,210,TOWER-Rangareddy,
CALL-0000357,PH-000007,PH-000088,2026-07-29T00:21:00,200,TOWER-Rangareddy,
CALL-0000358,PH-000007,PH-000088,2026-07-29T00:06:00,255,TOWER-Rangareddy,
CALL-0000359,PH-000007,PH-000088,2026-07-29T00:14:00,184,TOWER-Rangareddy,
CALL-0000360,PH-000007,PH-000089,2026-07-21T00:07:00,234,TOWER-Rangareddy,
CALL-0000361,PH-000007,PH-000089,2026-07-21T00:25:00,54,TOWER-Rangareddy,
CALL-0000362,PH-000007,PH-000089,2026-07-21T00:25:00,84,TOWER-Rangareddy,
CALL-0000363,PH-000007,PH-000090,2026-07-24T00:26:00,90,TOWER-Rangareddy,
CALL-0000364,PH-000007,PH-000091,2026-07-23T00:21:00,174,TOWER-Rangareddy,
CALL-0000365,PH-000007,PH-000091,2026-07-23T00:26:00,112,TOWER-Rangareddy,
CALL-0000366,PH-000007,PH-000091,2026-07-23T00:10:00,150,TOWER-Rangareddy,
CALL-0000367,PH-000007,PH-000092,2026-07-23T00:17:00,86,TOWER-Rangareddy,
CALL-0000368,PH-000007,PH-000092,2026-07-23T00:17:00,230,TOWER-Rangareddy,
CALL-0000369,PH-000007,PH-000092,2026-07-23T00:18:00,179,TOWER-Rangareddy,
CALL-0000370,PH-000007,PH-000093,2026-08-03T00:26:00,187,TOWER-Rangareddy,
CALL-0000371,PH-000007,PH-000093,2026-08-03T00:08:00,173,TOWER-Rangareddy,
CALL-0000372,PH-000007,PH-000093,2026-08-03T00:06:00,35,TOWER-Rangareddy,
CALL-0000373,PH-000007,PH-000094,2026-08-04T00:02:00,171,TOWER-Rangareddy,
CALL-0000374,PH-000007,PH-000095,2026-07-27T00:20:00,33,TOWER-Rangareddy,
CALL-0000375,PH-000007,PH-000096,2026-07-21T00:18:00,213,TOWER-Rangareddy,
CALL-0000376,PH-000007,PH-000096,2026-07-21T00:27:00,67,TOWER-Rangareddy,
CALL-0000377,PH-000007,PH-000097,2026-07-21T00:01:00,135,TOWER-Rangareddy,
CALL-0000378,PH-000007,PH-000098,2026-08-01T00:02:00,139,TOWER-Rangareddy,
CALL-0000379,PH-000007,PH-000098,2026-08-01T00:16:00,76,TOWER-Rangareddy,
CALL-0000380,PH-000007,PH-000099,2026-07-22T00:04:00,188,TOWER-Rangareddy,
CALL-0000381,PH-000007,PH-000099,2026-07-22T00:03:00,155,TOWER-Rangareddy,
CALL-0000382,PH-000007,PH-000100,2026-07-26T00:07:00,298,TOWER-Rangareddy,
CALL-0000383,PH-000007,PH-000101,2026-07-29T00:01:00,280,TOWER-Rangareddy,
CALL-0000384,PH-000007,PH-000101,2026-07-29T00:10:00,286,TOWER-Rangareddy,
CALL-0000385,PH-000007,PH-000102,2026-07-29T00:21:00,89,TOWER-Rangareddy,
CALL-0000386,PH-000007,PH-000102,2026-07-29T00:22:00,244,TOWER-Rangareddy,
CALL-0000387,PH-000007,PH-000103,2026-07-25T00:17:00,207,TOWER-Rangareddy,
CALL-0000388,PH-000007,PH-000104,2026-07-30T00:25:00,289,TOWER-Rangareddy,
CALL-0000389,PH-000007,PH-000105,2026-07-30T00:28:00,277,TOWER-Rangareddy,
CALL-0000390,PH-000007,PH-000105,2026-07-30T00:16:00,260,TOWER-Rangareddy,
CALL-0000391,PH-000007,PH-000106,2026-07-31T00:19:00,293,TOWER-Rangareddy,
CALL-0000392,PH-000007,PH-000106,2026-07-31T00:07:00,287,TOWER-Rangareddy,
CALL-0000393,PH-000007,PH-000106,2026-07-31T00:11:00,264,TOWER-Rangareddy,
CALL-0000394,PH-000007,PH-000107,2026-08-04T00:05:00,154,TOWER-Rangareddy,
CALL-0000395,PH-000007,PH-000108,2026-07-24T00:22:00,230,TOWER-Rangareddy,
CALL-0000396,PH-000007,PH-000108,2026-07-24T00:17:00,185,TOWER-Rangareddy,
CALL-0000397,PH-000007,PH-000108,2026-07-24T00:25:00,225,TOWER-Rangareddy,
CALL-0000398,PH-000007,PH-000109,2026-07-26T00:07:00,93,TOWER-Rangareddy,
CALL-0000399,PH-000007,PH-000109,2026-07-26T00:13:00,297,TOWER-Rangareddy,
CALL-0000400,PH-000007,PH-000110,2026-07-25T00:23:00,44,TOWER-Rangareddy,
CALL-0000401,PH-000007,PH-000110,2026-07-25T00:15:00,247,TOWER-Rangareddy,
CALL-0000402,PH-000007,PH-000111,2026-08-03T00:26:00,133,TOWER-Rangareddy,
CALL-0000403,PH-000007,PH-000111,2026-08-03T00:09:00,274,TOWER-Rangareddy,
CALL-0000404,PH-000007,PH-000111,2026-08-03T00:01:00,186,TOWER-Rangareddy,
CALL-0000405,PH-000007,PH-000112,2026-07-27T00:24:00,208,TOWER-Rangareddy,
CALL-0000406,PH-000007,PH-000112,2026-07-27T00:07:00,185,TOWER-Rangareddy,
CALL-0000407,PH-000007,PH-000113,2026-07-24T00:30:00,116,TOWER-Rangareddy,
CALL-0000408,PH-000007,PH-000114,2026-07-21T00:19:00,119,TOWER-Rangareddy,
CALL-0000409,PH-000007,PH-000115,2026-07-21T00:26:00,198,TOWER-Rangareddy,
CALL-0000410,PH-000007,PH-000116,2026-07-26T00:14:00,58,TOWER-Rangareddy,
CALL-0000411,PH-000007,PH-000116,2026-07-26T00:04:00,39,TOWER-Rangareddy,
CALL-0000412,PH-000007,PH-000116,2026-07-26T00:08:00,159,TOWER-Rangareddy,
CALL-0000413,PH-000007,PH-000117,2026-08-02T00:27:00,159,TOWER-Rangareddy,
CALL-0000414,PH-000007,PH-000118,2026-07-21T00:08:00,196,TOWER-Rangareddy,
CALL-0000415,PH-000007,PH-000119,2026-07-24T00:12:00,198,TOWER-Rangareddy,
CALL-0000416,PH-000007,PH-000120,2026-07-24T00:00:00,99,TOWER-Rangareddy,
CALL-0000417,PH-000007,PH-000121,2026-07-26T00:01:00,215,TOWER-Rangareddy,
CALL-0000418,PH-000007,PH-000121,2026-07-26T00:29:00,180,TOWER-Rangareddy,
CALL-0000419,PH-000007,PH-000122,2026-07-27T00:24:00,134,TOWER-Rangareddy,
CALL-0000420,PH-000007,PH-000123,2026-07-29T00:08:00,100,TOWER-Rangareddy,
CALL-0000421,PH-000007,PH-000123,2026-07-29T00:10:00,159,TOWER-Rangareddy,
CALL-0000422,PH-000007,PH-000123,2026-07-29T00:09:00,162,TOWER-Rangareddy,
CALL-0000423,PH-000007,PH-000124,2026-07-28T00:14:00,97,TOWER-Rangareddy,
CALL-0000424,PH-000007,PH-000124,2026-07-28T00:05:00,293,TOWER-Rangareddy,
CALL-0000425,PH-000007,PH-000124,2026-07-28T00:29:00,234,TOWER-Rangareddy,
CALL-0000426,PH-000007,PH-000125,2026-08-01T00:28:00,114,TOWER-Rangareddy,
CALL-0000427,PH-000007,PH-000125,2026-08-01T00:17:00,92,TOWER-Rangareddy,
CALL-0000428,PH-000007,PH-000126,2026-07-21T00:20:00,292,TOWER-Rangareddy,
CALL-0000429,PH-000007,PH-000126,2026-07-21T00:03:00,130,TOWER-Rangareddy,
CALL-0000430,PH-000007,PH-000126,2026-07-21T00:03:00,264,TOWER-Rangareddy,
CALL-0000431,PH-000007,PH-000127,2026-07-29T00:05:00,222,TOWER-Rangareddy,
CALL-0000432,PH-000007,PH-000127,2026-07-29T00:28:00,237,TOWER-Rangareddy,
CALL-0000433,PH-000007,PH-000128,2026-07-21T00:03:00,31,TOWER-Rangareddy,
CALL-0000434,PH-000007,PH-000128,2026-07-21T00:08:00,34,TOWER-Rangareddy,
CALL-0000435,PH-000007,PH-000129,2026-08-04T00:09:00,45,TOWER-Rangareddy,
CALL-0000436,PH-000007,PH-000130,2026-08-02T00:13:00,77,TOWER-Rangareddy,
CALL-0000437,PH-000007,PH-000130,2026-08-02T00:27:00,109,TOWER-Rangareddy,
CALL-0000438,PH-000007,PH-000131,2026-08-03T00:28:00,232,TOWER-Rangareddy,
CALL-0000439,PH-000007,PH-000132,2026-07-29T00:04:00,297,TOWER-Rangareddy,
CALL-0000440,PH-000007,PH-000132,2026-07-29T00:02:00,234,TOWER-Rangareddy,
CALL-0000441,PH-000007,PH-000132,2026-07-29T00:30:00,155,TOWER-Rangareddy,
CALL-0000442,PH-000007,PH-000133,2026-07-22T00:11:00,182,TOWER-Rangareddy,
CALL-0000443,PH-000007,PH-000133,2026-07-22T00:15:00,195,TOWER-Rangareddy,
CALL-0000444,PH-000007,PH-000133,2026-07-22T00:26:00,73,TOWER-Rangareddy,
CALL-0000445,PH-000007,PH-000134,2026-07-28T00:13:00,133,TOWER-Rangareddy,
CALL-0000446,PH-000007,PH-000134,2026-07-28T00:04:00,115,TOWER-Rangareddy,
CALL-0000447,PH-000007,PH-000135,2026-07-26T00:08:00,184,TOWER-Rangareddy,
CALL-0000448,PH-000007,PH-000136,2026-08-03T00:17:00,226,TOWER-Rangareddy,
CALL-0000449,PH-000007,PH-000136,2026-08-03T00:26:00,265,TOWER-Rangareddy,
CALL-0000450,PH-000007,PH-000137,2026-07-31T00:10:00,290,TOWER-Rangareddy,
CALL-0000451,PH-000007,PH-000138,2026-07-22T00:14:00,276,TOWER-Rangareddy,
CALL-0000452,PH-000007,PH-000139,2026-08-04T00:20:00,275,TOWER-Rangareddy,
CALL-0000453,PH-000007,PH-000139,2026-08-04T00:15:00,40,TOWER-Rangareddy,
CALL-0000454,PH-000007,PH-000139,2026-08-04T00:01:00,216,TOWER-Rangareddy,
CALL-0000455,PH-000007,PH-000140,2026-07-30T00:04:00,261,TOWER-Rangareddy,
CALL-0000456,PH-000007,PH-000140,2026-07-30T00:24:00,158,TOWER-Rangareddy,
CALL-0000457,PH-000007,PH-000141,2026-07-25T00:19:00,113,TOWER-Rangareddy,
CALL-0000458,PH-000007,PH-000141,2026-07-25T00:18:00,58,TOWER-Rangareddy,
CALL-0000459,PH-000007,PH-000142,2026-07-23T00:15:00,194,TOWER-Rangareddy,
CALL-0000460,PH-000007,PH-000142,2026-07-23T00:27:00,242,TOWER-Rangareddy,
CALL-0000461,PH-000007,PH-000142,2026-07-23T00:25:00,206,TOWER-Rangareddy,
CALL-0000462,PH-000007,PH-000143,2026-08-04T00:14:00,66,TOWER-Rangareddy,
CALL-0000463,PH-000007,PH-000143,2026-08-04T00:24:00,272,TOWER-Rangareddy,
CALL-0000464,PH-000007,PH-000144,2026-07-25T00:04:00,38,TOWER-Rangareddy,
CALL-0000465,PH-000007,PH-000145,2026-07-22T00:18:00,224,TOWER-Rangareddy,
CALL-0000466,PH-000007,PH-000145,2026-07-22T00:03:00,260,TOWER-Rangareddy,
CALL-0000467,PH-000007,PH-000145,2026-07-22T00:27:00,30,TOWER-Rangareddy,
CALL-0000468,PH-000007,PH-000146,2026-07-31T00:20:00,43,TOWER-Rangareddy,
CALL-0000469,PH-000007,PH-000147,2026-08-02T00:25:00,55,TOWER-Rangareddy,
CALL-0000470,PH-000007,PH-000147,2026-08-02T00:03:00,105,TOWER-Rangareddy,
CALL-0000471,PH-000007,PH-000148,2026-07-30T00:06:00,113,TOWER-Rangareddy,
CALL-0000472,PH-000007,PH-000148,2026-07-30T00:12:00,214,TOWER-Rangareddy,
CALL-0000473,PH-000007,PH-000148,2026-07-30T00:29:00,157,TOWER-Rangareddy,
CALL-0000474,PH-000007,PH-000149,2026-07-27T00:06:00,123,TOWER-Rangareddy,
CALL-0000475,PH-000007,PH-000150,2026-07-27T00:30:00,151,TOWER-Rangareddy,
CALL-0000476,PH-000007,PH-000150,2026-07-27T00:17:00,103,TOWER-Rangareddy,
CALL-0000477,PH-000007,PH-000150,2026-07-27T00:20:00,136,TOWER-Rangareddy,
CALL-0000478,PH-000007,PH-000151,2026-07-28T00:28:00,243,TOWER-Rangareddy,
CALL-0000479,PH-000007,PH-000152,2026-07-28T00:14:00,109,TOWER-Rangareddy,
CALL-0000480,PH-000007,PH-000153,2026-08-05T00:08:00,250,TOWER-Rangareddy,
CALL-0000481,PH-000007,PH-000154,2026-07-27T00:05:00,208,TOWER-Rangareddy,
CALL-0000482,PH-000007,PH-000154,2026-07-27T00:01:00,194,TOWER-Rangareddy,
CALL-0000483,PH-000007,PH-000155,2026-08-05T00:00:00,138,TOWER-Rangareddy,
CALL-0000484,PH-000007,PH-000156,2026-07-29T00:01:00,188,TOWER-Rangareddy,
CALL-0000485,PH-000007,PH-000156,2026-07-29T00:15:00,132,TOWER-Rangareddy,
CALL-0000486,PH-000007,PH-000156,2026-07-29T00:28:00,186,TOWER-Rangareddy,
CALL-0000487,PH-000007,PH-000157,2026-08-03T00:18:00,194,TOWER-Rangareddy,
CALL-0000488,PH-000007,PH-000157,2026-08-03T00:16:00,57,TOWER-Rangareddy,
CALL-0000489,PH-000007,PH-000158,2026-07-26T00:05:00,103,TOWER-Rangareddy,
CALL-0000490,PH-000007,PH-000158,2026-07-26T00:16:00,136,TOWER-Rangareddy,
CALL-0000491,PH-000007,PH-000159,2026-07-31T00:12:00,82,TOWER-Rangareddy,
CALL-0000492,PH-000007,PH-000159,2026-07-31T00:19:00,114,TOWER-Rangareddy,
CALL-0000493,PH-000007,PH-000160,2026-07-23T00:16:00,276,TOWER-Rangareddy,
CALL-0000494,PH-000007,PH-000161,2026-08-05T00:21:00,169,TOWER-Rangareddy,
CALL-0000495,PH-000007,PH-000161,2026-08-05T00:14:00,194,TOWER-Rangareddy,
CALL-0000496,PH-000007,PH-000161,2026-08-05T00:06:00,168,TOWER-Rangareddy,
CALL-0000497,PH-000007,PH-000162,2026-07-26T00:22:00,215,TOWER-Rangareddy,
CALL-0000498,PH-000007,PH-000163,2026-07-30T00:08:00,72,TOWER-Rangareddy,
CALL-0000499,PH-000007,PH-000163,2026-07-30T00:06:00,122,TOWER-Rangareddy,
CALL-0000500,PH-000007,PH-000164,2026-07-29T00:15:00,149,TOWER-Rangareddy,
CALL-0000501,PH-000007,PH-000164,2026-07-29T00:27:00,51,TOWER-Rangareddy,
CALL-0000502,PH-000007,PH-000164,2026-07-29T00:27:00,255,TOWER-Rangareddy,
CALL-0000503,PH-000007,PH-000165,2026-07-26T00:07:00,117,TOWER-Rangareddy,
CALL-0000504,PH-000007,PH-000166,2026-07-22T00:19:00,268,TOWER-Rangareddy,
CALL-0000505,PH-000007,PH-000167,2026-08-03T00:02:00,245,TOWER-Rangareddy,
CALL-0000506,PH-000007,PH-000167,2026-08-03T00:27:00,173,TOWER-Rangareddy,
CALL-0000507,PH-000007,PH-000168,2026-07-22T00:12:00,41,TOWER-Rangareddy,
CALL-0000508,PH-000007,PH-000169,2026-07-25T00:30:00,151,TOWER-Rangareddy,
CALL-0000509,PH-000007,PH-000170,2026-08-02T00:08:00,121,TOWER-Rangareddy,
CALL-0000510,PH-000007,PH-000170,2026-08-02T00:19:00,169,TOWER-Rangareddy,
CALL-0000511,PH-000007,PH-000170,2026-08-02T00:07:00,210,TOWER-Rangareddy,
CALL-0000512,PH-000007,PH-000171,2026-08-04T00:26:00,125,TOWER-Rangareddy,
CALL-0000513,PH-000007,PH-000171,2026-08-04T00:25:00,277,TOWER-Rangareddy,
CALL-0000514,PH-000007,PH-000172,2026-08-01T00:24:00,148,TOWER-Rangareddy,
CALL-0000515,PH-000007,PH-000172,2026-08-01T00:23:00,292,TOWER-Rangareddy,
CALL-0000516,PH-000007,PH-000172,2026-08-01T00:17:00,120,TOWER-Rangareddy,
CALL-0000517,PH-000007,PH-000173,2026-08-04T00:27:00,130,TOWER-Rangareddy,
CALL-0000518,PH-000007,PH-000173,2026-08-04T00:23:00,289,TOWER-Rangareddy,
CALL-0000519,PH-000007,PH-000173,2026-08-04T00:06:00,144,TOWER-Rangareddy,
CALL-0000520,PH-000007,PH-000174,2026-08-01T00:25:00,221,TOWER-Rangareddy,
CALL-0000521,PH-000007,PH-000174,2026-08-01T00:25:00,184,TOWER-Rangareddy,
CALL-0000522,PH-000007,PH-000174,2026-08-01T00:14:00,225,TOWER-Rangareddy,
CALL-0000523,PH-000007,PH-000175,2026-08-05T00:14:00,288,TOWER-Rangareddy,
CALL-0000524,PH-000007,PH-000175,2026-08-05T00:16:00,223,TOWER-Rangareddy,
CALL-0000525,PH-000007,PH-000175,2026-08-05T00:08:00,218,TOWER-Rangareddy,
CALL-0000526,PH-000007,PH-000176,2026-07-28T00:12:00,269,TOWER-Rangareddy,
CALL-0000527,PH-000007,PH-000176,2026-07-28T00:12:00,161,TOWER-Rangareddy,
CALL-0000528,PH-000007,PH-000176,2026-07-28T00:06:00,170,TOWER-Rangareddy,
CALL-0000529,PH-000007,PH-000177,2026-07-21T00:08:00,85,TOWER-Rangareddy,
CALL-0000530,PH-000007,PH-000177,2026-07-21T00:24:00,102,TOWER-Rangareddy,
CALL-0000531,PH-000007,PH-000177,2026-07-21T00:26:00,162,TOWER-Rangareddy,
CALL-0000532,PH-000007,PH-000178,2026-07-28T00:02:00,223,TOWER-Rangareddy,
CALL-0000533,PH-000007,PH-000178,2026-07-28T00:18:00,236,TOWER-Rangareddy,
CALL-0000534,PH-000007,PH-000179,2026-07-23T00:13:00,257,TOWER-Rangareddy,
CALL-0000535,PH-000007,PH-000179,2026-07-23T00:08:00,207,TOWER-Rangareddy,
CALL-0000536,PH-000007,PH-000179,2026-07-23T00:09:00,148,TOWER-Rangareddy,
CALL-0000537,PH-000007,PH-000180,2026-08-02T00:12:00,147,TOWER-Rangareddy,
CALL-0000538,PH-000007,PH-000180,2026-08-02T00:09:00,173,TOWER-Rangareddy,
CALL-0000539,PH-000007,PH-000180,2026-08-02T00:21:00,34,TOWER-Rangareddy,
CALL-0000540,PH-000007,PH-000181,2026-07-25T00:24:00,162,TOWER-Rangareddy,
CALL-0000541,PH-000007,PH-000181,2026-07-25T00:09:00,80,TOWER-Rangareddy,
CALL-0000542,PH-000007,PH-000182,2026-07-27T00:00:00,227,TOWER-Rangareddy,
CALL-0000543,PH-000007,PH-000183,2026-08-05T00:18:00,104,TOWER-Rangareddy,
CALL-0000544,PH-000007,PH-000183,2026-08-05T00:12:00,103,TOWER-Rangareddy,
CALL-0000545,PH-000007,PH-000183,2026-08-05T00:30:00,173,TOWER-Rangareddy,
CALL-0000546,PH-000007,PH-000184,2026-07-26T00:21:00,171,TOWER-Rangareddy,
CALL-0000547,PH-000007,PH-000185,2026-08-02T00:10:00,183,TOWER-Rangareddy,
CALL-0000548,PH-000007,PH-000185,2026-08-02T00:03:00,201,TOWER-Rangareddy,
CALL-0000549,PH-000007,PH-000185,2026-08-02T00:00:00,161,TOWER-Rangareddy,
CALL-0000550,PH-000007,PH-000186,2026-07-30T00:30:00,143,TOWER-Rangareddy,
CALL-0000551,PH-000007,PH-000186,2026-07-30T00:01:00,47,TOWER-Rangareddy,
CALL-0000552,PH-000007,PH-000186,2026-07-30T00:23:00,42,TOWER-Rangareddy,
CALL-0000553,PH-000007,PH-000187,2026-08-03T00:18:00,172,TOWER-Rangareddy,
CALL-0000554,PH-000007,PH-000188,2026-08-02T00:29:00,269,TOWER-Rangareddy,
CALL-0000555,PH-000007,PH-000188,2026-08-02T00:23:00,232,TOWER-Rangareddy,
CALL-0000556,PH-000007,PH-000189,2026-07-26T00:25:00,158,TOWER-Rangareddy,
CALL-0000557,PH-000007,PH-000189,2026-07-26T00:07:00,90,TOWER-Rangareddy,
CALL-0000558,PH-000007,PH-000189,2026-07-26T00:06:00,90,TOWER-Rangareddy,
CALL-0000559,PH-000007,PH-000190,2026-07-31T00:06:00,186,TOWER-Rangareddy,
CALL-0000560,PH-000007,PH-000190,2026-07-31T00:09:00,42,TOWER-Rangareddy,
CALL-0000561,PH-000007,PH-000190,2026-07-31T00:09:00,120,TOWER-Rangareddy,
CALL-0000562,PH-000007,PH-000191,2026-08-01T00:06:00,63,TOWER-Rangareddy,
CALL-0000563,PH-000007,PH-000192,2026-07-21T00:09:00,62,TOWER-Rangareddy,
CALL-0000564,PH-000007,PH-000192,2026-07-21T00:24:00,201,TOWER-Rangareddy,
CALL-0000565,PH-000007,PH-000192,2026-07-21T00:10:00,153,TOWER-Rangareddy,
CALL-0000566,PH-000007,PH-000193,2026-08-05T00:19:00,220,TOWER-Rangareddy,
CALL-0000567,PH-000007,PH-000193,2026-08-05T00:05:00,203,TOWER-Rangareddy,
CALL-0000568,PH-000007,PH-000194,2026-07-22T00:02:00,262,TOWER-Rangareddy,
CALL-0000569,PH-000007,PH-000194,2026-07-22T00:00:00,80,TOWER-Rangareddy,
CALL-0000570,PH-000007,PH-000195,2026-07-27T00:26:00,108,TOWER-Rangareddy,
CALL-0000571,PH-000007,PH-000195,2026-07-27T00:05:00,63,TOWER-Rangareddy,
CALL-0000572,PH-000007,PH-000196,2026-07-23T00:17:00,157,TOWER-Rangareddy,
CALL-0000573,PH-000007,PH-000197,2026-07-22T00:09:00,133,TOWER-Rangareddy,
CALL-0000574,PH-000007,PH-000197,2026-07-22T00:05:00,131,TOWER-Rangareddy,
CALL-0000575,PH-000007,PH-000197,2026-07-22T00:02:00,105,TOWER-Rangareddy,
CALL-0000576,PH-000007,PH-000198,2026-07-23T00:17:00,125,TOWER-Rangareddy,
CALL-0000577,PH-000007,PH-000198,2026-07-23T00:19:00,273,TOWER-Rangareddy,
CALL-0000578,PH-000007,PH-000199,2026-08-03T00:16:00,106,TOWER-Rangareddy,
CALL-0000579,PH-000007,PH-000200,2026-07-23T00:05:00,278,TOWER-Rangareddy,
CALL-0000580,PH-000007,PH-000200,2026-07-23T00:12:00,181,TOWER-Rangareddy,
CALL-0000581,PH-000007,PH-000201,2026-07-21T00:09:00,211,TOWER-Rangareddy,
CALL-0000582,PH-000007,PH-000201,2026-07-21T00:28:00,66,TOWER-Rangareddy,
CALL-0000583,PH-000007,PH-000201,2026-07-21T00:14:00,97,TOWER-Rangareddy,
CALL-0000584,PH-000007,PH-000202,2026-07-31T00:14:00,133,TOWER-Rangareddy,
CALL-0000585,PH-000007,PH-000203,2026-07-31T00:02:00,79,TOWER-Rangareddy,
CALL-0000586,PH-000007,PH-000203,2026-07-31T00:11:00,133,TOWER-Rangareddy,
CALL-0000587,PH-000007,PH-000203,2026-07-31T00:01:00,209,TOWER-Rangareddy,
CALL-0000588,PH-000007,PH-000204,2026-07-26T00:16:00,130,TOWER-Rangareddy,
CALL-0000589,PH-000007,PH-000204,2026-07-26T00:03:00,286,TOWER-Rangareddy,
CALL-0000590,PH-000007,PH-000204,2026-07-26T00:26:00,134,TOWER-Rangareddy,
CALL-0000591,PH-000007,PH-000205,2026-07-21T00:20:00,43,TOWER-Rangareddy,
CALL-0000592,PH-000007,PH-000205,2026-07-21T00:18:00,249,TOWER-Rangareddy,
CALL-0000593,PH-000007,PH-000206,2026-07-27T00:09:00,115,TOWER-Rangareddy,
CALL-0000594,PH-000007,PH-000207,2026-08-05T00:10:00,130,TOWER-Rangareddy,
CALL-0000595,PH-000007,PH-000208,2026-07-31T00:06:00,120,TOWER-Rangareddy,
CALL-0000596,PH-000007,PH-000208,2026-07-31T00:16:00,105,TOWER-Rangareddy,
CALL-0000597,PH-000007,PH-000208,2026-07-31T00:16:00,81,TOWER-Rangareddy,
CALL-0000598,PH-000007,PH-000209,2026-07-25T00:03:00,92,TOWER-Rangareddy,
CALL-0000599,PH-000007,PH-000210,2026-08-01T00:10:00,242,TOWER-Rangareddy,
CALL-0000600,PH-000007,PH-000211,2026-07-27T00:30:00,249,TOWER-Rangareddy,
CALL-0000601,PH-000007,PH-000211,2026-07-27T00:04:00,159,TOWER-Rangareddy,
CALL-0000602,PH-000007,PH-000212,2026-08-02T00:25:00,165,TOWER-Rangareddy,
CALL-0000603,PH-000007,PH-000212,2026-08-02T00:07:00,32,TOWER-Rangareddy,
CALL-0000604,PH-000007,PH-000213,2026-07-29T00:23:00,178,TOWER-Rangareddy,
CALL-0000605,PH-000007,PH-000213,2026-07-29T00:25:00,73,TOWER-Rangareddy,
CALL-0000606,PH-000007,PH-000214,2026-07-21T00:13:00,126,TOWER-Rangareddy,
CALL-0000607,PH-000007,PH-000214,2026-07-21T00:22:00,154,TOWER-Rangareddy,
CALL-0000608,PH-000007,PH-000215,2026-08-02T00:12:00,125,TOWER-Rangareddy,
CALL-0000609,PH-000007,PH-000215,2026-08-02T00:15:00,238,TOWER-Rangareddy,
CALL-0000610,PH-000007,PH-000215,2026-08-02T00:09:00,243,TOWER-Rangareddy,
CALL-0000611,PH-000007,PH-000216,2026-08-03T00:18:00,237,TOWER-Rangareddy,
CALL-0000612,PH-000007,PH-000217,2026-08-04T00:11:00,143,TOWER-Rangareddy,
CALL-0000613,PH-000007,PH-000217,2026-08-04T00:19:00,99,TOWER-Rangareddy,
CALL-0000614,PH-000007,PH-000218,2026-08-05T00:18:00,36,TOWER-Rangareddy,
CALL-0000615,PH-000007,PH-000218,2026-08-05T00:17:00,265,TOWER-Rangareddy,
CALL-0000616,PH-000007,PH-000219,2026-08-04T00:27:00,37,TOWER-Rangareddy,
CALL-0000617,PH-000007,PH-000219,2026-08-04T00:06:00,107,TOWER-Rangareddy,
CALL-0000618,PH-000007,PH-000219,2026-08-04T00:05:00,285,TOWER-Rangareddy,
CALL-0000619,PH-000007,PH-000220,2026-07-30T00:01:00,57,TOWER-Rangareddy,
CALL-0000620,PH-000007,PH-000220,2026-07-30T00:26:00,195,TOWER-Rangareddy,
CALL-0000621,PH-000007,PH-000221,2026-08-01T00:28:00,83,TOWER-Rangareddy,
CALL-0000622,PH-000007,PH-000222,2026-07-25T00:07:00,129,TOWER-Rangareddy,
CALL-0000623,PH-000007,PH-000223,2026-07-29T00:22:00,70,TOWER-Rangareddy,
CALL-0000624,PH-000007,PH-000223,2026-07-29T00:00:00,284,TOWER-Rangareddy,
CALL-0000625,PH-000007,PH-000223,2026-07-29T00:11:00,235,TOWER-Rangareddy,
CALL-0000626,PH-000007,PH-000224,2026-07-28T00:21:00,144,TOWER-Rangareddy,
CALL-0000627,PH-000007,PH-000224,2026-07-28T00:19:00,268,TOWER-Rangareddy,
CALL-0000628,PH-000007,PH-000224,2026-07-28T00:24:00,160,TOWER-Rangareddy,
CALL-0000629,PH-000007,PH-000225,2026-07-22T00:25:00,138,TOWER-Rangareddy,
CALL-0000630,PH-000007,PH-000225,2026-07-22T00:11:00,115,TOWER-Rangareddy,
CALL-0000631,PH-000007,PH-000226,2026-07-22T00:00:00,48,TOWER-Rangareddy,
CALL-0000632,PH-000007,PH-000226,2026-07-22T00:02:00,142,TOWER-Rangareddy,
CALL-0000633,PH-000007,PH-000227,2026-08-03T00:19:00,91,TOWER-Rangareddy,
CALL-0000634,PH-000007,PH-000227,2026-08-03T00:28:00,289,TOWER-Rangareddy,
CALL-0000635,PH-000007,PH-000228,2026-07-29T00:15:00,267,TOWER-Rangareddy,
CALL-0000636,PH-000007,PH-000228,2026-07-29T00:03:00,156,TOWER-Rangareddy,
CALL-0000637,PH-000007,PH-000229,2026-08-02T00:18:00,188,TOWER-Rangareddy,
CALL-0000638,PH-000007,PH-000229,2026-08-02T00:16:00,39,TOWER-Rangareddy,
CALL-0000639,PH-000007,PH-000229,2026-08-02T00:19:00,115,TOWER-Rangareddy,
CALL-0000640,PH-000007,PH-000230,2026-08-04T00:01:00,156,TOWER-Rangareddy,
CALL-0000641,PH-000007,PH-000231,2026-08-04T00:25:00,155,TOWER-Rangareddy,
CALL-0000642,PH-000007,PH-000231,2026-08-04T00:20:00,215,TOWER-Rangareddy,
CALL-0000643,PH-000007,PH-000232,2026-08-05T00:28:00,191,TOWER-Rangareddy,
CALL-0000644,PH-000007,PH-000232,2026-08-05T00:25:00,239,TOWER-Rangareddy,
CALL-0000645,PH-000007,PH-000232,2026-08-05T00:10:00,209,TOWER-Rangareddy,
CALL-0000646,PH-000007,PH-000233,2026-08-05T00:05:00,183,TOWER-Rangareddy,
CALL-0000647,PH-000007,PH-000233,2026-08-05T00:30:00,228,TOWER-Rangareddy,
CALL-0000648,PH-000007,PH-000233,2026-08-05T00:16:00,89,TOWER-Rangareddy,
CALL-0000649,PH-000007,PH-000234,2026-07-21T00:11:00,265,TOWER-Rangareddy,
CALL-0000650,PH-000007,PH-000235,2026-07-24T00:00:00,81,TOWER-Rangareddy,
CALL-0000651,PH-000007,PH-000235,2026-07-24T00:13:00,94,TOWER-Rangareddy,
CALL-0000652,PH-000007,PH-000236,2026-07-25T00:24:00,162,TOWER-Rangareddy,
CALL-0000653,PH-000007,PH-000236,2026-07-25T00:18:00,238,TOWER-Rangareddy,
CALL-0000654,PH-000007,PH-000236,2026-07-25T00:19:00,31,TOWER-Rangareddy,
CALL-0000655,PH-000007,PH-000237,2026-07-25T00:12:00,196,TOWER-Rangareddy,
CALL-0000656,PH-000007,PH-000237,2026-07-25T00:10:00,47,TOWER-Rangareddy,
CALL-0000657,PH-000007,PH-000238,2026-07-27T00:07:00,283,TOWER-Rangareddy,
CALL-0000658,PH-000007,PH-000239,2026-08-02T00:30:00,200,TOWER-Rangareddy,
CALL-0000659,PH-000007,PH-000239,2026-08-02T00:04:00,70,TOWER-Rangareddy,
CALL-0000660,PH-000007,PH-000239,2026-08-02T00:06:00,297,TOWER-Rangareddy,
CALL-0000661,PH-000007,PH-000240,2026-07-31T00:08:00,135,TOWER-Rangareddy,
CALL-0000662,PH-000007,PH-000240,2026-07-31T00:10:00,94,TOWER-Rangareddy,
CALL-0000663,PH-000007,PH-000240,2026-07-31T00:10:00,216,TOWER-Rangareddy,
CALL-0000664,PH-000007,PH-000241,2026-08-02T00:25:00,265,TOWER-Rangareddy,
CALL-0000665,PH-000007,PH-000241,2026-08-02T00:07:00,204,TOWER-Rangareddy,
CALL-0000666,PH-000007,PH-000242,2026-07-30T00:06:00,272,TOWER-Rangareddy,
CALL-0000667,PH-000007,PH-000242,2026-07-30T00:01:00,232,TOWER-Rangareddy,
CALL-0000668,PH-000007,PH-000242,2026-07-30T00:29:00,191,TOWER-Rangareddy,
CALL-0000669,PH-000007,PH-000243,2026-07-22T00:14:00,137,TOWER-Rangareddy,
CALL-0000670,PH-000007,PH-000243,2026-07-22T00:18:00,268,TOWER-Rangareddy,
CALL-0000671,PH-000007,PH-000244,2026-08-02T00:07:00,142,TOWER-Rangareddy,
CALL-0000672,PH-000007,PH-000244,2026-08-02T00:29:00,124,TOWER-Rangareddy,
CALL-0000673,PH-000007,PH-000244,2026-08-02T00:19:00,118,TOWER-Rangareddy,
CALL-0000674,PH-000007,PH-000245,2026-08-03T00:24:00,180,TOWER-Rangareddy,
CALL-0000675,PH-000007,PH-000245,2026-08-03T00:24:00,62,TOWER-Rangareddy,
CALL-0000676,PH-000007,PH-000246,2026-07-23T00:00:00,263,TOWER-Rangareddy,
CALL-0000677,PH-000007,PH-000246,2026-07-23T00:30:00,117,TOWER-Rangareddy,
CALL-0000678,PH-000007,PH-000247,2026-07-29T00:05:00,138,TOWER-Rangareddy,
CALL-0000679,PH-000007,PH-000247,2026-07-29T00:16:00,244,TOWER-Rangareddy,
CALL-0000680,PH-000007,PH-000247,2026-07-29T00:16:00,165,TOWER-Rangareddy,
CALL-0000681,PH-000007,PH-000248,2026-07-25T00:14:00,66,TOWER-Rangareddy,
CALL-0000682,PH-000007,PH-000249,2026-08-02T00:18:00,125,TOWER-Rangareddy,
CALL-0000683,PH-000007,PH-000249,2026-08-02T00:00:00,226,TOWER-Rangareddy,
CALL-0000684,PH-000007,PH-000250,2026-07-27T00:04:00,194,TOWER-Rangareddy,
CALL-0000685,PH-000007,PH-000251,2026-07-27T00:30:00,128,TOWER-Rangareddy,
CALL-0000686,PH-000007,PH-000251,2026-07-27T00:15:00,207,TOWER-Rangareddy,
CALL-0000687,PH-000007,PH-000251,2026-07-27T00:29:00,47,TOWER-Rangareddy,
CALL-0000688,PH-000007,PH-000252,2026-08-01T00:03:00,89,TOWER-Rangareddy,
CALL-0000689,PH-000007,PH-000252,2026-08-01T00:07:00,272,TOWER-Rangareddy,
CALL-0000690,PH-000007,PH-000252,2026-08-01T00:30:00,209,TOWER-Rangareddy,
CALL-0000691,PH-000007,PH-000253,2026-07-23T00:20:00,55,TOWER-Rangareddy,
CALL-0000692,PH-000007,PH-000253,2026-07-23T00:29:00,299,TOWER-Rangareddy,
CALL-0000693,PH-000007,PH-000253,2026-07-23T00:14:00,198,TOWER-Rangareddy,
CALL-0000694,PH-000002,PH-000336,2026-08-04T00:00:00,499,TOWER-Rangareddy,
CALL-0000695,PH-000002,PH-000336,2026-08-21T00:00:00,735,TOWER-Rangareddy,
CALL-0000696,PH-000002,PH-000336,2026-08-27T00:00:00,842,TOWER-Rangareddy,
CALL-0000697,PH-000002,PH-000336,2026-09-09T00:00:00,1113,TOWER-Rangareddy,
CALL-0000698,PH-000002,PH-000336,2026-09-23T00:00:00,497,TOWER-Rangareddy,
CALL-0000699,PH-000002,PH-000336,2026-10-10T00:00:00,1043,TOWER-Rangareddy,
CALL-0000700,PH-000002,PH-000336,2026-10-26T00:00:00,554,TOWER-Rangareddy,
CALL-0000701,PH-000002,PH-000336,2026-10-27T00:00:00,149,TOWER-Rangareddy,
CALL-0000702,PH-000002,PH-000336,2026-11-03T00:00:00,555,TOWER-Rangareddy,
CALL-0000703,PH-000002,PH-000336,2026-11-18T00:00:00,1097,TOWER-Rangareddy,
CALL-0000704,PH-000002,PH-000336,2026-11-27T00:00:00,259,TOWER-Rangareddy,
CALL-0000705,PH-000002,PH-000336,2026-11-30T00:00:00,887,TOWER-Rangareddy,
CALL-0000706,PH-000002,PH-000336,2026-12-15T00:00:00,691,TOWER-Rangareddy,
CALL-0000707,PH-000002,PH-000336,2026-12-28T00:00:00,269,TOWER-Rangareddy,
CALL-0000708,PH-000002,PH-000336,2027-01-17T00:00:00,341,TOWER-Rangareddy,
CALL-0000709,PH-000002,PH-000336,2027-01-29T00:00:00,835,TOWER-Rangareddy,
CALL-0000710,PH-000002,PH-000336,2027-02-03T00:00:00,275,TOWER-Rangareddy,
CALL-0000711,PH-000002,PH-000336,2027-02-10T00:00:00,1069,TOWER-Rangareddy,
CALL-0000712,PH-000002,PH-000336,2027-02-21T00:00:00,295,TOWER-Rangareddy,
CALL-0000713,PH-000002,PH-000336,2027-03-07T00:00:00,141,TOWER-Rangareddy,
CALL-0000714,PH-000001,PH-000337,2026-07-31T00:00:00,1181,TOWER-Warangal,
CALL-0000715,PH-000001,PH-000337,2026-08-13T00:00:00,55,TOWER-Warangal,
CALL-0000716,PH-000001,PH-000337,2026-08-25T00:00:00,951,TOWER-Warangal,
CALL-0000717,PH-000001,PH-000337,2026-08-30T00:00:00,480,TOWER-Warangal,
CALL-0000718,PH-000001,PH-000337,2026-09-17T00:00:00,495,TOWER-Warangal,
CALL-0000719,PH-000001,PH-000337,2026-10-07T00:00:00,666,TOWER-Warangal,
CALL-0000720,PH-000001,PH-000337,2026-10-11T00:00:00,1172,TOWER-Warangal,
CALL-0000721,PH-000001,PH-000337,2026-10-25T00:00:00,485,TOWER-Warangal,
CALL-0000722,PH-000001,PH-000337,2026-11-12T00:00:00,483,TOWER-Warangal,
CALL-0000723,PH-000001,PH-000337,2026-11-27T00:00:00,712,TOWER-Warangal,
CALL-0000724,PH-000001,PH-000337,2026-12-07T00:00:00,422,TOWER-Warangal,
CALL-0000725,PH-000002,PH-000338,2026-08-01T00:00:00,631,TOWER-Rangareddy,
CALL-0000726,PH-000002,PH-000338,2026-08-21T00:00:00,236,TOWER-Rangareddy,
CALL-0000727,PH-000002,PH-000338,2026-08-23T00:00:00,664,TOWER-Rangareddy,
CALL-0000728,PH-000002,PH-000338,2026-08-27T00:00:00,258,TOWER-Rangareddy,
CALL-0000729,PH-000002,PH-000338,2026-09-13T00:00:00,1040,TOWER-Rangareddy,
CALL-0000730,PH-000002,PH-000338,2026-09-18T00:00:00,1110,TOWER-Rangareddy,
CALL-0000731,PH-000002,PH-000338,2026-09-28T00:00:00,676,TOWER-Rangareddy,
CALL-0000732,PH-000002,PH-000338,2026-10-02T00:00:00,941,TOWER-Rangareddy,
CALL-0000733,PH-000002,PH-000338,2026-10-05T00:00:00,559,TOWER-Rangareddy,
CALL-0000734,PH-000002,PH-000338,2026-10-14T00:00:00,90,TOWER-Rangareddy,
CALL-0000735,PH-000002,PH-000338,2026-11-01T00:00:00,511,TOWER-Rangareddy,
CALL-0000736,PH-000002,PH-000338,2026-11-03T00:00:00,88,TOWER-Rangareddy,
CALL-0000737,PH-000002,PH-000338,2026-11-19T00:00:00,266,TOWER-Rangareddy,
CALL-0000738,PH-000002,PH-000338,2026-12-07T00:00:00,536,TOWER-Rangareddy,
CALL-0000739,PH-000002,PH-000339,2026-07-29T00:00:00,914,TOWER-Rangareddy,
CALL-0000740,PH-000002,PH-000339,2026-07-30T00:00:00,801,TOWER-Rangareddy,
CALL-0000741,PH-000002,PH-000339,2026-08-19T00:00:00,1070,TOWER-Rangareddy,
CALL-0000742,PH-000002,PH-000339,2026-09-01T00:00:00,787,TOWER-Rangareddy,
CALL-0000743,PH-000002,PH-000339,2026-09-17T00:00:00,605,TOWER-Rangareddy,
CALL-0000744,PH-000003,PH-000340,2026-07-27T00:00:00,186,TOWER-Warangal,
CALL-0000745,PH-000003,PH-000340,2026-08-10T00:00:00,1138,TOWER-Warangal,
CALL-0000746,PH-000003,PH-000340,2026-08-27T00:00:00,541,TOWER-Warangal,
CALL-0000747,PH-000003,PH-000340,2026-09-03T00:00:00,938,TOWER-Warangal,
CALL-0000748,PH-000003,PH-000340,2026-09-20T00:00:00,362,TOWER-Warangal,
CALL-0000749,PH-000003,PH-000340,2026-09-23T00:00:00,648,TOWER-Warangal,
CALL-0000750,PH-000003,PH-000340,2026-10-04T00:00:00,74,TOWER-Warangal,
CALL-0000751,PH-000003,PH-000340,2026-10-09T00:00:00,1101,TOWER-Warangal,
CALL-0000752,PH-000003,PH-000340,2026-10-26T00:00:00,303,TOWER-Warangal,
CALL-0000753,PH-000003,PH-000340,2026-10-29T00:00:00,94,TOWER-Warangal,
CALL-0000754,PH-000003,PH-000340,2026-11-05T00:00:00,293,TOWER-Warangal,
CALL-0000755,PH-000003,PH-000340,2026-11-12T00:00:00,608,TOWER-Warangal,
CALL-0000756,PH-000003,PH-000340,2026-11-24T00:00:00,173,TOWER-Warangal,
CALL-0000757,PH-000003,PH-000340,2026-11-25T00:00:00,105,TOWER-Warangal,
CALL-0000758,PH-000003,PH-000340,2026-11-26T00:00:00,313,TOWER-Warangal,
CALL-0000759,PH-000003,PH-000340,2026-12-09T00:00:00,246,TOWER-Warangal,
CALL-0000760,PH-000003,PH-000340,2026-12-21T00:00:00,994,TOWER-Warangal,
CALL-0000761,PH-000003,PH-000341,2026-08-01T00:00:00,47,TOWER-Warangal,
CALL-0000762,PH-000003,PH-000341,2026-08-07T00:00:00,51,TOWER-Warangal,
CALL-0000763,PH-000003,PH-000341,2026-08-25T00:00:00,827,TOWER-Warangal,
CALL-0000764,PH-000003,PH-000341,2026-09-11T00:00:00,184,TOWER-Warangal,
CALL-0000765,PH-000003,PH-000341,2026-09-13T00:00:00,886,TOWER-Warangal,
CALL-0000766,PH-000003,PH-000341,2026-09-18T00:00:00,594,TOWER-Warangal,
CALL-0000767,PH-000003,PH-000341,2026-10-04T00:00:00,498,TOWER-Warangal,
CALL-0000768,PH-000003,PH-000341,2026-10-22T00:00:00,971,TOWER-Warangal,
CALL-0000769,PH-000003,PH-000341,2026-11-03T00:00:00,53,TOWER-Warangal,
CALL-0000770,PH-000003,PH-000341,2026-11-10T00:00:00,576,TOWER-Warangal,
CALL-0000771,PH-000003,PH-000341,2026-11-16T00:00:00,1109,TOWER-Warangal,
CALL-0000772,PH-000003,PH-000341,2026-11-19T00:00:00,140,TOWER-Warangal,
CALL-0000773,PH-000003,PH-000341,2026-11-20T00:00:00,180,TOWER-Warangal,
CALL-0000774,PH-000003,PH-000341,2026-11-24T00:00:00,1077,TOWER-Warangal,
CALL-0000775,PH-000003,PH-000341,2026-12-01T00:00:00,313,TOWER-Warangal,
CALL-0000776,PH-000003,PH-000341,2026-12-14T00:00:00,1177,TOWER-Warangal,
CALL-0000777,PH-000003,PH-000341,2027-01-01T00:00:00,517,TOWER-Warangal,
CALL-0000778,PH-000003,PH-000342,2026-08-07T00:00:00,487,TOWER-Warangal,
CALL-0000779,PH-000003,PH-000342,2026-08-24T00:00:00,559,TOWER-Warangal,
CALL-0000780,PH-000003,PH-000342,2026-08-25T00:00:00,885,TOWER-Warangal,
CALL-0000781,PH-000003,PH-000342,2026-09-14T00:00:00,747,TOWER-Warangal,
CALL-0000782,PH-000003,PH-000342,2026-09-17T00:00:00,990,TOWER-Warangal,
CALL-0000783,PH-000003,PH-000342,2026-10-06T00:00:00,900,TOWER-Warangal,
CALL-0000784,PH-000003,PH-000342,2026-10-24T00:00:00,1191,TOWER-Warangal,
CALL-0000785,PH-000003,PH-000342,2026-10-25T00:00:00,1008,TOWER-Warangal,
CALL-0000786,PH-000003,PH-000342,2026-11-09T00:00:00,89,TOWER-Warangal,
CALL-0000787,PH-000003,PH-000342,2026-11-16T00:00:00,693,TOWER-Warangal,
CALL-0000788,PH-000003,PH-000342,2026-11-24T00:00:00,1018,TOWER-Warangal,
CALL-0000789,PH-000003,PH-000342,2026-12-13T00:00:00,53,TOWER-Warangal,
CALL-0000790,PH-000003,PH-000343,2026-07-30T00:00:00,267,TOWER-Warangal,
CALL-0000791,PH-000003,PH-000343,2026-08-09T00:00:00,577,TOWER-Warangal,
CALL-0000792,PH-000003,PH-000343,2026-08-29T00:00:00,543,TOWER-Warangal,
CALL-0000793,PH-000003,PH-000343,2026-09-15T00:00:00,264,TOWER-Warangal,
CALL-0000794,PH-000003,PH-000343,2026-09-23T00:00:00,1026,TOWER-Warangal,
CALL-0000795,PH-000003,PH-000343,2026-09-25T00:00:00,708,TOWER-Warangal,
CALL-0000796,PH-000003,PH-000343,2026-10-05T00:00:00,1124,TOWER-Warangal,
CALL-0000797,PH-000003,PH-000343,2026-10-10T00:00:00,901,TOWER-Warangal,
CALL-0000798,PH-000003,PH-000343,2026-10-29T00:00:00,624,TOWER-Warangal,
CALL-0000799,PH-000003,PH-000343,2026-11-01T00:00:00,903,TOWER-Warangal,
CALL-0000800,PH-000003,PH-000343,2026-11-21T00:00:00,418,TOWER-Warangal,
CALL-0000801,PH-000003,PH-000343,2026-12-06T00:00:00,1191,TOWER-Warangal,
CALL-0000802,PH-000003,PH-000343,2026-12-20T00:00:00,187,TOWER-Warangal,
CALL-0000803,PH-000003,PH-000343,2027-01-09T00:00:00,1096,TOWER-Warangal,
CALL-0000804,PH-000003,PH-000343,2027-01-23T00:00:00,959,TOWER-Warangal,
CALL-0000805,PH-000003,PH-000343,2027-01-27T00:00:00,793,TOWER-Warangal,
CALL-0000806,PH-000003,PH-000343,2027-02-02T00:00:00,1166,TOWER-Warangal,
CALL-0000807,PH-000001,PH-000344,2026-08-02T00:00:00,296,TOWER-Warangal,
CALL-0000808,PH-000001,PH-000344,2026-08-04T00:00:00,943,TOWER-Warangal,
CALL-0000809,PH-000001,PH-000344,2026-08-24T00:00:00,933,TOWER-Warangal,
CALL-0000810,PH-000001,PH-000344,2026-09-06T00:00:00,602,TOWER-Warangal,
CALL-0000811,PH-000001,PH-000344,2026-09-16T00:00:00,475,TOWER-Warangal,
CALL-0000812,PH-000001,PH-000344,2026-09-23T00:00:00,280,TOWER-Warangal,
CALL-0000813,PH-000001,PH-000344,2026-10-05T00:00:00,1118,TOWER-Warangal,
CALL-0000814,PH-000001,PH-000344,2026-10-17T00:00:00,1091,TOWER-Warangal,
CALL-0000815,PH-000001,PH-000344,2026-10-30T00:00:00,51,TOWER-Warangal,
CALL-0000816,PH-000001,PH-000344,2026-11-11T00:00:00,1097,TOWER-Warangal,
CALL-0000817,PH-000001,PH-000344,2026-11-15T00:00:00,438,TOWER-Warangal,
CALL-0000818,PH-000001,PH-000344,2026-11-23T00:00:00,747,TOWER-Warangal,
CALL-0000819,PH-000001,PH-000344,2026-11-25T00:00:00,1089,TOWER-Warangal,
CALL-0000820,PH-000001,PH-000344,2026-11-30T00:00:00,1058,TOWER-Warangal,
CALL-0000821,PH-000001,PH-000344,2026-12-09T00:00:00,1032,TOWER-Warangal,
CALL-0000822,PH-000003,PH-000345,2026-08-05T00:00:00,1041,TOWER-Warangal,
CALL-0000823,PH-000003,PH-000345,2026-08-14T00:00:00,1141,TOWER-Warangal,
CALL-0000824,PH-000003,PH-000345,2026-08-31T00:00:00,276,TOWER-Warangal,
CALL-0000825,PH-000003,PH-000346,2026-08-04T00:00:00,724,TOWER-Warangal,
CALL-0000826,PH-000003,PH-000346,2026-08-12T00:00:00,505,TOWER-Warangal,
CALL-0000827,PH-000003,PH-000346,2026-08-20T00:00:00,1026,TOWER-Warangal,
CALL-0000828,PH-000003,PH-000346,2026-09-06T00:00:00,347,TOWER-Warangal,
CALL-0000829,PH-000003,PH-000346,2026-09-16T00:00:00,1033,TOWER-Warangal,
