relationship_id,source_id,target_id,relationship_type,weight,first_seen,last_seen,source_doc
REL-0000001,P-000001,P-000002,CALLED,0.0015,2026-07-28T00:00:00,2026-08-14T00:00:00,CDR
REL-0000002,P-000001,P-000003,CALLED,0.0009,2026-07-26T00:00:00,2026-08-06T00:00:00,CDR
REL-0000003,P-000002,P-000004,CALLED,0.0014,2026-07-22T00:00:00,2026-08-03T00:00:00,CDR
REL-0000004,P-000003,P-000005,CALLED,0.0012,2026-07-22T00:00:00,2026-08-01T00:00:00,CDR
REL-0000005,P-000002,P-000006,CALLED,0.001,2026-07-22T00:00:00,2026-07-30T00:00:00,CDR
REL-0000006,P-000004,P-000007,CALLED,0.0005,2026-07-30T11:06:00,2026-07-30T11:10:00,CDR
REL-0000007,P-000004,P-000008,CALLED,0.0004,2026-07-25T13:01:00,2026-07-25T13:07:00,CDR
REL-0000008,P-000004,P-000009,CALLED,0.0002,2026-07-22T09:02:00,2026-07-22T09:02:00,CDR
REL-0000009,P-000004,P-000010,CALLED,0.0006,2026-08-11T17:06:00,2026-08-11T17:06:00,CDR
REL-0000010,P-000004,P-000011,CALLED,0.0005,2026-07-23T18:00:00,2026-07-23T18:09:00,CDR
REL-0000011,P-000004,P-000012,CALLED,0.001,2026-08-08T16:02:00,2026-08-08T16:10:00,CDR
REL-0000012,P-000004,P-000013,CALLED,0.0004,2026-07-23T14:04:00,2026-07-23T14:06:00,CDR
REL-0000013,P-000004,P-000014,CALLED,0.0005,2026-07-28T13:00:00,2026-07-28T13:06:00,CDR
REL-0000014,P-000004,P-000015,CALLED,0.0004,2026-08-02T17:03:00,2026-08-02T17:03:00,CDR
REL-0000015,P-000004,P-000016,CALLED,0.0005,2026-07-30T15:00:00,2026-07-30T15:07:00,CDR
REL-0000016,P-000004,P-000017,CALLED,0.0005,2026-08-06T15:04:00,2026-08-06T15:04:00,CDR
REL-0000017,P-000004,P-000018,CALLED,0.0003,2026-07-28T18:10:00,2026-07-28T18:10:00,CDR
REL-0000018,P-000004,P-000019,CALLED,0.0012,2026-08-11T09:02:00,2026-08-11T09:09:00,CDR
REL-0000019,P-000004,P-000020,CALLED,0.0004,2026-07-23T11:04:00,2026-07-23T11:05:00,CDR
REL-0000020,P-000004,P-000021,CALLED,0.0016,2026-08-17T11:00:00,2026-08-17T11:04:00,CDR
REL-0000021,P-000004,P-000022,CALLED,0.0006,2026-07-27T14:06:00,2026-07-27T14:08:00,CDR
REL-0000022,P-000004,P-000023,CALLED,0.0012,2026-08-11T17:04:00,2026-08-11T17:08:00,CDR
REL-0000023,P-000004,P-000024,CALLED,0.0005,2026-07-26T12:01:00,2026-07-26T12:10:00,CDR
REL-0000024,P-000004,P-000025,CALLED,0.0015,2026-08-16T14:07:00,2026-08-16T14:10:00,CDR
REL-0000025,P-000004,P-000026,CALLED,0.0005,2026-07-25T14:02:00,2026-07-25T14:10:00,CDR
REL-0000026,P-000004,P-000027,CALLED,0.0003,2026-07-26T12:06:00,2026-07-26T12:06:00,CDR
REL-0000027,P-000004,P-000028,CALLED,0.0007,2026-08-14T17:03:00,2026-08-14T17:03:00,CDR
REL-0000028,P-000004,P-000029,CALLED,0.0013,2026-08-17T10:01:00,2026-08-17T10:07:00,CDR
REL-0000029,P-000004,P-000030,CALLED,0.0006,2026-07-28T15:07:00,2026-07-28T15:10:00,CDR
REL-0000030,P-000004,P-000031,CALLED,0.0018,2026-08-19T14:00:00,2026-08-19T14:04:00,CDR
REL-0000031,P-000004,P-000032,CALLED,0.0014,2026-08-14T11:03:00,2026-08-14T11:07:00,CDR
REL-0000032,P-000004,P-000033,CALLED,0.0013,2026-08-13T10:03:00,2026-08-13T10:09:00,CDR
REL-0000033,P-000004,P-000034,CALLED,0.0005,2026-07-29T14:02:00,2026-07-29T14:04:00,CDR
REL-0000034,P-000005,P-000035,CALLED,0.0005,2026-07-24T13:07:00,2026-07-24T13:09:00,CDR
REL-0000035,P-000005,P-000036,CALLED,0.001,2026-08-08T13:02:00,2026-08-08T13:08:00,CDR
REL-0000036,P-000005,P-000037,CALLED,0.0008,2026-08-02T15:00:00,2026-08-02T15:10:00,CDR
REL-0000037,P-000005,P-000038,CALLED,0.0009,2026-08-19T14:06:00,2026-08-19T14:06:00,CDR
REL-0000038,P-000005,P-000039,CALLED,0.0004,2026-07-25T09:00:00,2026-07-25T09:08:00,CDR
REL-0000039,P-000005,P-000040,CALLED,0.0007,2026-08-13T14:10:00,2026-08-13T14:10:00,CDR
REL-0000040,P-000005,P-000041,CALLED,0.0005,2026-07-26T12:02:00,2026-07-26T12:08:00,CDR
REL-0000041,P-000005,P-000042,CALLED,0.0005,2026-08-09T10:05:00,2026-08-09T10:05:00,CDR
REL-0000042,P-000005,P-000043,CALLED,0.0008,2026-08-03T11:01:00,2026-08-03T11:10:00,CDR
REL-0000043,P-000005,P-000044,CALLED,0.0007,2026-08-14T15:09:00,2026-08-14T15:09:00,CDR
REL-0000044,P-000005,P-000045,CALLED,0.0008,2026-08-02T18:02:00,2026-08-02T18:03:00,CDR
REL-0000045,P-000005,P-000046,CALLED,0.0002,2026-07-24T18:06:00,2026-07-24T18:06:00,CDR
REL-0000046,P-000005,P-000047,CALLED,0.0006,2026-08-02T15:09:00,2026-08-02T15:10:00,CDR
REL-0000047,P-000005,P-000048,CALLED,0.0007,2026-07-31T16:03:00,2026-07-31T16:07:00,CDR
REL-0000048,P-000005,P-000049,CALLED,0.0006,2026-08-10T17:01:00,2026-08-10T17:01:00,CDR
REL-0000049,P-000005,P-000050,CALLED,0.0003,2026-07-26T17:09:00,2026-07-26T17:09:00,CDR
REL-0000050,P-000005,P-000051,CALLED,0.0005,2026-07-29T10:05:00,2026-07-29T10:09:00,CDR
REL-0000051,P-000005,P-000052,CALLED,0.0005,2026-07-23T16:03:00,2026-07-23T16:10:00,CDR
REL-0000052,P-000005,P-000053,CALLED,0.0006,2026-08-01T15:05:00,2026-08-01T15:08:00,CDR
REL-0000053,P-000005,P-000054,CALLED,0.0008,2026-08-04T16:01:00,2026-08-04T16:09:00,CDR
REL-0000054,P-000005,P-000055,CALLED,0.0006,2026-08-02T13:01:00,2026-08-02T13:09:00,CDR
REL-0000055,P-000005,P-000056,CALLED,0.0013,2026-08-12T17:03:00,2026-08-12T17:08:00,CDR
REL-0000056,P-000005,P-000057,CALLED,0.0007,2026-08-13T18:08:00,2026-08-13T18:08:00,CDR
REL-0000057,P-000005,P-000058,CALLED,0.0006,2026-08-02T16:03:00,2026-08-02T16:05:00,CDR
REL-0000058,P-000005,P-000059,CALLED,0.0013,2026-08-17T09:04:00,2026-08-17T09:09:00,CDR
REL-0000059,P-000005,P-000060,CALLED,0.0003,2026-07-21T11:04:00,2026-07-21T11:08:00,CDR
REL-0000060,P-000005,P-000061,CALLED,0.0014,2026-08-18T13:05:00,2026-08-18T13:05:00,CDR
REL-0000061,P-000005,P-000062,CALLED,0.0007,2026-08-15T17:02:00,2026-08-15T17:02:00,CDR
REL-0000062,P-000005,P-000063,CALLED,0.0007,2026-07-30T09:01:00,2026-07-30T09:08:00,CDR
REL-0000063,P-000005,P-000064,CALLED,0.0011,2026-08-13T18:01:00,2026-08-13T18:03:00,CDR
REL-0000064,P-000006,P-000065,CALLED,0.0004,2026-08-04T17:05:00,2026-08-04T17:05:00,CDR
REL-0000065,P-000006,P-000066,CALLED,0.0005,2026-07-30T14:04:00,2026-07-30T14:04:00,CDR
REL-0000066,P-000006,P-000067,CALLED,0.0009,2026-08-10T17:00:00,2026-08-10T17:08:00,CDR
REL-0000067,P-000006,P-000068,CALLED,0.0009,2026-08-09T11:00:00,2026-08-09T11:10:00,CDR
REL-0000068,P-000006,P-000069,CALLED,0.0013,2026-08-12T11:01:00,2026-08-12T11:08:00,CDR
REL-0000069,P-000006,P-000070,CALLED,0.0004,2026-07-21T11:01:00,2026-07-21T11:10:00,CDR
REL-0000070,P-000006,P-000071,CALLED,0.0008,2026-08-04T15:03:00,2026-08-04T15:06:00,CDR
REL-0000071,P-000006,P-000072,CALLED,0.0007,2026-07-30T12:04:00,2026-07-30T12:07:00,CDR
REL-0000072,P-000006,P-000073,CALLED,0.0005,2026-07-30T17:00:00,2026-07-30T17:05:00,CDR
REL-0000073,P-000006,P-000074,CALLED,0.0002,2026-07-22T17:10:00,2026-07-22T17:10:00,CDR
REL-0000074,P-000006,P-000075,CALLED,0.0004,2026-07-22T11:01:00,2026-07-22T11:01:00,CDR
REL-0000075,P-000006,P-000076,CALLED,0.001,2026-08-08T13:04:00,2026-08-08T13:10:00,CDR
REL-0000076,P-000006,P-000077,CALLED,0.0005,2026-08-08T15:01:00,2026-08-08T15:01:00,CDR
REL-0000077,P-000006,P-000078,CALLED,0.0004,2026-08-02T17:04:00,2026-08-02T17:04:00,CDR
REL-0000078,P-000006,P-000079,CALLED,0.0008,2026-08-04T09:01:00,2026-08-04T09:07:00,CDR
REL-0000079,P-000006,P-000080,CALLED,0.0006,2026-08-01T17:04:00,2026-08-01T17:06:00,CDR
REL-0000080,P-000006,P-000081,CALLED,0.0013,2026-08-13T15:04:00,2026-08-13T15:09:00,CDR
REL-0000081,P-000006,P-000082,CALLED,0.0005,2026-07-30T12:01:00,2026-07-30T12:07:00,CDR
REL-0000082,P-000006,P-000083,CALLED,0.0002,2026-07-23T15:10:00,2026-07-23T15:10:00,CDR
REL-0000083,P-000006,P-000084,CALLED,0.0005,2026-08-09T12:05:00,2026-08-09T12:05:00,CDR
REL-0000084,P-000006,P-000085,CALLED,0.001,2026-08-08T15:01:00,2026-08-08T15:09:00,CDR
REL-0000085,P-000006,P-000086,CALLED,0.0004,2026-08-03T12:08:00,2026-08-03T12:08:00,CDR
REL-0000086,P-000006,P-000087,CALLED,0.0007,2026-08-14T10:01:00,2026-08-14T10:01:00,CDR
REL-0000087,P-000006,P-000088,CALLED,0.0006,2026-08-01T11:09:00,2026-08-01T11:10:00,CDR
REL-0000088,P-000091,P-000092,CALLED,0.0004,2026-07-23T00:03:00,2026-07-23T00:30:00,CDR
REL-0000089,P-000091,P-000093,CALLED,0.0006,2026-08-02T00:21:00,2026-08-02T00:21:00,CDR
REL-0000090,P-000091,P-000094,CALLED,0.0004,2026-08-03T00:24:00,2026-08-03T00:24:00,CDR
REL-0000091,P-000091,P-000095,CALLED,0.0003,2026-07-25T00:14:00,2026-07-25T00:14:00,CDR
REL-0000092,P-000091,P-000096,CALLED,0.0003,2026-07-29T00:25:00,2026-07-29T00:25:00,CDR
REL-0000093,P-000091,P-000097,CALLED,0.0002,2026-07-23T00:29:00,2026-07-23T00:29:00,CDR
REL-0000094,P-000091,P-000098,CALLED,0.0003,2026-07-21T00:04:00,2026-07-21T00:10:00,CDR
REL-0000095,P-000091,P-000099,CALLED,0.0004,2026-07-25T00:18:00,2026-07-25T00:25:00,CDR
REL-0000096,P-000091,P-000100,CALLED,0.0003,2026-07-28T00:22:00,2026-07-28T00:22:00,CDR
REL-0000097,P-000091,P-000101,CALLED,0.0003,2026-07-25T00:13:00,2026-07-25T00:13:00,CDR
REL-0000098,P-000091,P-000102,CALLED,0.0004,2026-08-03T00:05:00,2026-08-03T00:05:00,CDR
REL-0000099,P-000091,P-000103,CALLED,0.0005,2026-07-27T00:08:00,2026-07-27T00:16:00,CDR
REL-0000100,P-000091,P-000104,CALLED,0.0003,2026-07-29T00:09:00,2026-07-29T00:09:00,CDR
REL-0000101,P-000091,P-000105,CALLED,0.0002,2026-07-21T00:03:00,2026-07-21T00:03:00,CDR
REL-0000102,P-000091,P-000106,CALLED,0.0003,2026-07-27T00:18:00,2026-07-27T00:18:00,CDR
REL-0000103,P-000091,P-000107,CALLED,0.0009,2026-08-05T00:11:00,2026-08-05T00:30:00,CDR
REL-0000104,P-000091,P-000108,CALLED,0.0005,2026-07-23T00:08:00,2026-07-23T00:30:00,CDR
REL-0000105,P-000091,P-000109,CALLED,0.0005,2026-07-26T00:09:00,2026-07-26T00:17:00,CDR
REL-0000106,P-000091,P-000110,CALLED,0.0004,2026-07-25T00:06:00,2026-07-25T00:19:00,CDR
REL-0000107,P-000091,P-000111,CALLED,0.0007,2026-08-04T00:14:00,2026-08-04T00:26:00,CDR
REL-0000108,P-000091,P-000112,CALLED,0.0006,2026-07-28T00:02:00,2026-07-28T00:15:00,CDR
REL-0000109,P-000091,P-000113,CALLED,0.0006,2026-08-02T00:00:00,2026-08-02T00:07:00,CDR
REL-0000110,P-000091,P-000114,CALLED,0.0004,2026-07-26T00:08:00,2026-07-26T00:22:00,CDR
REL-0000111,P-000091,P-000115,CALLED,0.0004,2026-07-25T00:11:00,2026-07-25T00:14:00,CDR
REL-0000112,P-000091,P-000116,CALLED,0.0009,2026-08-05T00:02:00,2026-08-05T00:27:00,CDR
REL-0000113,P-000091,P-000117,CALLED,0.0002,2026-07-24T00:20:00,2026-07-24T00:20:00,CDR
REL-0000114,P-000091,P-000118,CALLED,0.0004,2026-08-01T00:14:00,2026-08-01T00:14:00,CDR
REL-0000115,P-000091,P-000119,CALLED,0.0004,2026-07-24T00:10:00,2026-07-24T00:18:00,CDR
REL-0000116,P-000091,P-000120,CALLED,0.0002,2026-07-23T00:00:00,2026-07-23T00:00:00,CDR
REL-0000117,P-000091,P-000121,CALLED,0.0006,2026-08-02T00:18:00,2026-08-02T00:19:00,CDR
REL-0000118,P-000091,P-000122,CALLED,0.0002,2026-07-23T00:04:00,2026-07-23T00:04:00,CDR
REL-0000119,P-000091,P-000123,CALLED,0.0006,2026-08-03T00:05:00,2026-08-03T00:08:00,CDR
REL-0000120,P-000091,P-000124,CALLED,0.0003,2026-07-25T00:06:00,2026-07-25T00:06:00,CDR
REL-0000121,P-000091,P-000125,CALLED,0.0005,2026-07-28T00:10:00,2026-07-28T00:18:00,CDR
REL-0000122,P-000091,P-000126,CALLED,0.0004,2026-07-23T00:02:00,2026-07-23T00:28:00,CDR
REL-0000123,P-000091,P-000127,CALLED,0.0004,2026-07-26T00:16:00,2026-07-26T00:23:00,CDR
REL-0000124,P-000091,P-000128,CALLED,0.0002,2026-07-22T00:01:00,2026-07-22T00:01:00,CDR
REL-0000125,P-000091,P-000129,CALLED,0.0006,2026-08-02T00:20:00,2026-08-02T00:24:00,CDR
REL-0000126,P-000091,P-000130,CALLED,0.0004,2026-08-05T00:25:00,2026-08-05T00:25:00,CDR
REL-0000127,P-000091,P-000131,CALLED,0.0003,2026-07-29T00:21:00,2026-07-29T00:21:00,CDR
REL-0000128,P-000091,P-000132,CALLED,0.0007,2026-07-31T00:00:00,2026-07-31T00:29:00,CDR
REL-0000129,P-000091,P-000133,CALLED,0.0006,2026-07-29T00:19:00,2026-07-29T00:24:00,CDR
REL-0000130,P-000091,P-000134,CALLED,0.0002,2026-07-21T00:22:00,2026-07-21T00:22:00,CDR
REL-0000131,P-000091,P-000135,CALLED,0.0004,2026-07-22T00:01:00,2026-07-22T00:23:00,CDR
REL-0000132,P-000091,P-000136,CALLED,0.0004,2026-08-02T00:01:00,2026-08-02T00:01:00,CDR
REL-0000133,P-000091,P-000137,CALLED,0.0005,2026-07-28T00:24:00,2026-07-28T00:26:00,CDR
REL-0000134,P-000091,P-000138,CALLED,0.0002,2026-07-23T00:06:00,2026-07-23T00:06:00,CDR
REL-0000135,P-000091,P-000139,CALLED,0.0007,2026-08-04T00:08:00,2026-08-04T00:13:00,CDR
REL-0000136,P-000091,P-000140,CALLED,0.0004,2026-08-03T00:13:00,2026-08-03T00:13:00,CDR
REL-0000137,P-000091,P-000141,CALLED,0.0003,2026-07-21T00:03:00,2026-07-21T00:17:00,CDR
REL-0000138,P-000091,P-000142,CALLED,0.0004,2026-07-22T00:18:00,2026-07-22T00:28:00,CDR
REL-0000139,P-000091,P-000143,CALLED,0.0003,2026-07-21T00:27:00,2026-07-21T00:27:00,CDR
REL-0000140,P-000091,P-000144,CALLED,0.0005,2026-07-25T00:18:00,2026-07-25T00:27:00,CDR
REL-0000141,P-000091,P-000145,CALLED,0.0006,2026-07-27T00:06:00,2026-07-27T00:24:00,CDR
REL-0000142,P-000091,P-000146,CALLED,0.0007,2026-07-31T00:05:00,2026-07-31T00:29:00,CDR
REL-0000143,P-000091,P-000147,CALLED,0.0004,2026-07-26T00:21:00,2026-07-26T00:28:00,CDR
REL-0000144,P-000091,P-000148,CALLED,0.0004,2026-07-22T00:10:00,2026-07-22T00:26:00,CDR
REL-0000145,P-000091,P-000149,CALLED,0.0004,2026-07-22T00:01:00,2026-07-22T00:11:00,CDR
REL-0000146,P-000091,P-000150,CALLED,0.0005,2026-07-26T00:06:00,2026-07-26T00:24:00,CDR
REL-0000147,P-000091,P-000151,CALLED,0.0003,2026-07-29T00:07:00,2026-07-29T00:07:00,CDR
REL-0000148,P-000091,P-000152,CALLED,0.0003,2026-07-28T00:21:00,2026-07-28T00:21:00,CDR
REL-0000149,P-000091,P-000153,CALLED,0.0003,2026-07-21T00:07:00,2026-07-21T00:29:00,CDR
REL-0000150,P-000091,P-000154,CALLED,0.0008,2026-08-04T00:00:00,2026-08-04T00:12:00,CDR
REL-0000151,P-000091,P-000155,CALLED,0.0004,2026-08-03T00:01:00,2026-08-03T00:01:00,CDR
REL-0000152,P-000091,P-000156,CALLED,0.0004,2026-07-22T00:04:00,2026-07-22T00:30:00,CDR
REL-0000153,P-000091,P-000157,CALLED,0.0003,2026-07-29T00:08:00,2026-07-29T00:08:00,CDR
REL-0000154,P-000091,P-000158,CALLED,0.0005,2026-07-26T00:04:00,2026-07-26T00:20:00,CDR
REL-0000155,P-000091,P-000159,CALLED,0.0004,2026-07-23T00:07:00,2026-07-23T00:23:00,CDR
REL-0000156,P-000091,P-000160,CALLED,0.0005,2026-07-29T00:01:00,2026-07-29T00:29:00,CDR
REL-0000157,P-000091,P-000161,CALLED,0.0007,2026-08-04T00:00:00,2026-08-04T00:28:00,CDR
REL-0000158,P-000091,P-000162,CALLED,0.0008,2026-08-03T00:06:00,2026-08-03T00:30:00,CDR
REL-0000159,P-000091,P-000163,CALLED,0.0003,2026-07-26T00:10:00,2026-07-26T00:10:00,CDR
REL-0000160,P-000091,P-000164,CALLED,0.0003,2026-07-27T00:13:00,2026-07-27T00:13:00,CDR
REL-0000161,P-000091,P-000165,CALLED,0.0003,2026-07-27T00:20:00,2026-07-27T00:20:00,CDR
REL-0000162,P-000091,P-000166,CALLED,0.0003,2026-07-25T00:17:00,2026-07-25T00:17:00,CDR
REL-0000163,P-000091,P-000167,CALLED,0.0003,2026-07-26T00:06:00,2026-07-26T00:06:00,CDR
REL-0000164,P-000091,P-000168,CALLED,0.0004,2026-07-25T00:10:00,2026-07-25T00:10:00,CDR
REL-0000165,P-000091,P-000169,CALLED,0.0003,2026-07-21T00:09:00,2026-07-21T00:23:00,CDR
REL-0000166,P-000091,P-000170,CALLED,0.0005,2026-07-24T00:22:00,2026-07-24T00:29:00,CDR
REL-0000167,P-000091,P-000171,CALLED,0.0005,2026-07-23T00:07:00,2026-07-23T00:23:00,CDR
REL-0000168,P-000091,P-000172,CALLED,0.0006,2026-07-29T00:06:00,2026-07-29T00:21:00,CDR
REL-0000169,P-000091,P-000173,CALLED,0.0004,2026-07-21T00:07:00,2026-07-21T00:25:00,CDR
REL-0000170,P-000091,P-000174,CALLED,0.0002,2026-07-24T00:26:00,2026-07-24T00:26:00,CDR
REL-0000171,P-000091,P-000175,CALLED,0.0005,2026-07-23T00:10:00,2026-07-23T00:26:00,CDR
REL-0000172,P-000091,P-000176,CALLED,0.0005,2026-07-23T00:17:00,2026-07-23T00:18:00,CDR
REL-0000173,P-000091,P-000177,CALLED,0.0008,2026-08-03T00:06:00,2026-08-03T00:26:00,CDR
REL-0000174,P-000091,P-000178,CALLED,0.0004,2026-08-04T00:02:00,2026-08-04T00:02:00,CDR
REL-0000175,P-000091,P-000179,CALLED,0.0003,2026-07-27T00:20:00,2026-07-27T00:20:00,CDR
REL-0000176,P-000091,P-000180,CALLED,0.0003,2026-07-21T00:18:00,2026-07-21T00:27:00,CDR
REL-0000177,P-000091,P-000181,CALLED,0.0002,2026-07-21T00:01:00,2026-07-21T00:01:00,CDR
REL-0000178,P-000091,P-000182,CALLED,0.0006,2026-08-01T00:02:00,2026-08-01T00:16:00,CDR
REL-0000179,P-000091,P-000183,CALLED,0.0004,2026-07-22T00:03:00,2026-07-22T00:04:00,CDR
REL-0000180,P-000091,P-000184,CALLED,0.0003,2026-07-26T00:07:00,2026-07-26T00:07:00,CDR
REL-0000181,P-000091,P-000185,CALLED,0.0005,2026-07-29T00:01:00,2026-07-29T00:10:00,CDR
REL-0000182,P-000091,P-000186,CALLED,0.0005,2026-07-29T00:21:00,2026-07-29T00:22:00,CDR
REL-0000183,P-000091,P-000187,CALLED,0.0003,2026-07-25T00:17:00,2026-07-25T00:17:00,CDR
REL-0000184,P-000091,P-000188,CALLED,0.0003,2026-07-30T00:25:00,2026-07-30T00:25:00,CDR
REL-0000185,P-000091,P-000189,CALLED,0.0005,2026-07-30T00:16:00,2026-07-30T00:28:00,CDR
REL-0000186,P-000091,P-000190,CALLED,0.0007,2026-07-31T00:07:00,2026-07-31T00:19:00,CDR
REL-0000187,P-000091,P-000191,CALLED,0.0004,2026-08-04T00:05:00,2026-08-04T00:05:00,CDR
REL-0000188,P-000091,P-000192,CALLED,0.0005,2026-07-24T00:17:00,2026-07-24T00:25:00,CDR
REL-0000189,P-000091,P-000193,CALLED,0.0004,2026-07-26T00:07:00,2026-07-26T00:13:00,CDR
REL-0000190,P-000091,P-000194,CALLED,0.0004,2026-07-25T00:15:00,2026-07-25T00:23:00,CDR
REL-0000191,P-000091,P-000195,CALLED,0.0008,2026-08-03T00:01:00,2026-08-03T00:26:00,CDR
REL-0000192,P-000091,P-000196,CALLED,0.0005,2026-07-27T00:07:00,2026-07-27T00:24:00,CDR
REL-0000193,P-000091,P-000197,CALLED,0.0002,2026-07-24T00:30:00,2026-07-24T00:30:00,CDR
REL-0000194,P-000091,P-000198,CALLED,0.0002,2026-07-21T00:19:00,2026-07-21T00:19:00,CDR
REL-0000195,P-000091,P-000199,CALLED,0.0002,2026-07-21T00:26:00,2026-07-21T00:26:00,CDR
REL-0000196,P-000091,P-000200,CALLED,0.0005,2026-07-26T00:04:00,2026-07-26T00:14:00,CDR
REL-0000197,P-000091,P-000201,CALLED,0.0004,2026-08-02T00:27:00,2026-08-02T00:27:00,CDR
REL-0000198,P-000091,P-000202,CALLED,0.0002,2026-07-21T00:08:00,2026-07-21T00:08:00,CDR
REL-0000199,P-000091,P-000203,CALLED,0.0002,2026-07-24T00:12:00,2026-07-24T00:12:00,CDR
REL-0000200,P-000091,P-000204,CALLED,0.0002,2026-07-24T00:00:00,2026-07-24T00:00:00,CDR
REL-0000201,P-000091,P-000205,CALLED,0.0004,2026-07-26T00:01:00,2026-07-26T00:29:00,CDR
REL-0000202,P-000091,P-000206,CALLED,0.0003,2026-07-27T00:24:00,2026-07-27T00:24:00,CDR
REL-0000203,P-000091,P-000207,CALLED,0.0006,2026-07-29T00:08:00,2026-07-29T00:10:00,CDR
REL-0000204,P-000091,P-000208,CALLED,0.0006,2026-07-28T00:05:00,2026-07-28T00:29:00,CDR
REL-0000205,P-000091,P-000209,CALLED,0.0006,2026-08-01T00:17:00,2026-08-01T00:28:00,CDR
REL-0000206,P-000091,P-000210,CALLED,0.0004,2026-07-21T00:03:00,2026-07-21T00:20:00,CDR
REL-0000207,P-000091,P-000211,CALLED,0.0005,2026-07-29T00:05:00,2026-07-29T00:28:00,CDR
REL-0000208,P-000091,P-000212,CALLED,0.0003,2026-07-21T00:03:00,2026-07-21T00:08:00,CDR
REL-0000209,P-000091,P-000213,CALLED,0.0004,2026-08-04T00:09:00,2026-08-04T00:09:00,CDR
REL-0000210,P-000091,P-000214,CALLED,0.0006,2026-08-02T00:13:00,2026-08-02T00:27:00,CDR
REL-0000211,P-000091,P-000215,CALLED,0.0004,2026-08-03T00:28:00,2026-08-03T00:28:00,CDR
REL-0000212,P-000091,P-000216,CALLED,0.0006,2026-07-29T00:02:00,2026-07-29T00:30:00,CDR
REL-0000213,P-000091,P-000217,CALLED,0.0004,2026-07-22T00:11:00,2026-07-22T00:26:00,CDR
REL-0000214,P-000091,P-000218,CALLED,0.0005,2026-07-28T00:04:00,2026-07-28T00:13:00,CDR
REL-0000215,P-000091,P-000219,CALLED,0.0003,2026-07-26T00:08:00,2026-07-26T00:08:00,CDR
REL-0000216,P-000091,P-000220,CALLED,0.0006,2026-08-03T00:17:00,2026-08-03T00:26:00,CDR
REL-0000217,P-000091,P-000221,CALLED,0.0003,2026-07-31T00:10:00,2026-07-31T00:10:00,CDR
REL-0000218,P-000091,P-000222,CALLED,0.0002,2026-07-22T00:14:00,2026-07-22T00:14:00,CDR
REL-0000219,P-000091,P-000223,CALLED,0.0008,2026-08-04T00:01:00,2026-08-04T00:20:00,CDR
REL-0000220,P-000091,P-000224,CALLED,0.0005,2026-07-30T00:04:00,2026-07-30T00:24:00,CDR
REL-0000221,P-000091,P-000225,CALLED,0.0004,2026-07-25T00:18:00,2026-07-25T00:19:00,CDR
REL-0000222,P-000091,P-000226,CALLED,0.0005,2026-07-23T00:15:00,2026-07-23T00:27:00,CDR
REL-0000223,P-000091,P-000227,CALLED,0.0007,2026-08-04T00:14:00,2026-08-04T00:24:00,CDR
REL-0000224,P-000091,P-000228,CALLED,0.0003,2026-07-25T00:04:00,2026-07-25T00:04:00,CDR
REL-0000225,P-000091,P-000229,CALLED,0.0004,2026-07-22T00:03:00,2026-07-22T00:27:00,CDR
REL-0000226,P-000091,P-000230,CALLED,0.0003,2026-07-31T00:20:00,2026-07-31T00:20:00,CDR
REL-0000227,P-000091,P-000231,CALLED,0.0006,2026-08-02T00:03:00,2026-08-02T00:25:00,CDR
REL-0000228,P-000091,P-000232,CALLED,0.0007,2026-07-30T00:06:00,2026-07-30T00:29:00,CDR
REL-0000229,P-000091,P-000233,CALLED,0.0003,2026-07-27T00:06:00,2026-07-27T00:06:00,CDR
REL-0000230,P-000091,P-000234,CALLED,0.0006,2026-07-27T00:17:00,2026-07-27T00:30:00,CDR
REL-0000231,P-000091,P-000235,CALLED,0.0003,2026-07-28T00:28:00,2026-07-28T00:28:00,CDR
REL-0000232,P-000091,P-000236,CALLED,0.0003,2026-07-28T00:14:00,2026-07-28T00:14:00,CDR
REL-0000233,P-000091,P-000237,CALLED,0.0004,2026-08-05T00:08:00,2026-08-05T00:08:00,CDR
REL-0000234,P-000091,P-000238,CALLED,0.0005,2026-07-27T00:01:00,2026-07-27T00:05:00,CDR
REL-0000235,P-000091,P-000239,CALLED,0.0004,2026-08-05T00:00:00,2026-08-05T00:00:00,CDR
REL-0000236,P-000091,P-000240,CALLED,0.0006,2026-07-29T00:01:00,2026-07-29T00:28:00,CDR
REL-0000237,P-000091,P-000241,CALLED,0.0006,2026-08-03T00:16:00,2026-08-03T00:18:00,CDR
REL-0000238,P-000091,P-000242,CALLED,0.0004,2026-07-26T00:05:00,2026-07-26T00:16:00,CDR
REL-0000239,P-000091,P-000243,CALLED,0.0005,2026-07-31T00:12:00,2026-07-31T00:19:00,CDR
REL-0000240,P-000091,P-000244,CALLED,0.0002,2026-07-23T00:16:00,2026-07-23T00:16:00,CDR
REL-0000241,P-000091,P-000245,CALLED,0.0009,2026-08-05T00:06:00,2026-08-05T00:21:00,CDR
REL-0000242,P-000091,P-000246,CALLED,0.0003,2026-07-26T00:22:00,2026-07-26T00:22:00,CDR
REL-0000243,P-000091,P-000247,CALLED,0.0005,2026-07-30T00:06:00,2026-07-30T00:08:00,CDR
REL-0000244,P-000091,P-000248,CALLED,0.0006,2026-07-29T00:15:00,2026-07-29T00:27:00,CDR
REL-0000245,P-000091,P-000249,CALLED,0.0003,2026-07-26T00:07:00,2026-07-26T00:07:00,CDR
REL-0000246,P-000091,P-000250,CALLED,0.0002,2026-07-22T00:19:00,2026-07-22T00:19:00,CDR
REL-0000247,P-000091,P-000251,CALLED,0.0006,2026-08-03T00:02:00,2026-08-03T00:27:00,CDR
REL-0000248,P-000091,P-000252,CALLED,0.0002,2026-07-22T00:12:00,2026-07-22T00:12:00,CDR
REL-0000249,P-000091,P-000253,CALLED,0.0003,2026-07-25T00:30:00,2026-07-25T00:30:00,CDR
REL-0000250,P-000091,P-000254,CALLED,0.0008,2026-08-02T00:07:00,2026-08-02T00:19:00,CDR
REL-0000251,P-000091,P-000255,CALLED,0.0007,2026-08-04T00:25:00,2026-08-04T00:26:00,CDR
REL-0000252,P-000091,P-000256,CALLED,0.0007,2026-08-01T00:17:00,2026-08-01T00:24:00,CDR
REL-0000253,P-000091,P-000257,CALLED,0.0008,2026-08-04T00:06:00,2026-08-04T00:27:00,CDR
REL-0000254,P-000091,P-000258,CALLED,0.0007,2026-08-01T00:14:00,2026-08-01T00:25:00,CDR
REL-0000255,P-000091,P-000259,CALLED,0.0009,2026-08-05T00:08:00,2026-08-05T00:16:00,CDR
REL-0000256,P-000091,P-000260,CALLED,0.0006,2026-07-28T00:06:00,2026-07-28T00:12:00,CDR
REL-0000257,P-000091,P-000261,CALLED,0.0004,2026-07-21T00:08:00,2026-07-21T00:26:00,CDR
REL-0000258,P-000091,P-000262,CALLED,0.0005,2026-07-28T00:02:00,2026-07-28T00:18:00,CDR
REL-0000259,P-000091,P-000263,CALLED,0.0005,2026-07-23T00:08:00,2026-07-23T00:13:00,CDR
REL-0000260,P-000091,P-000264,CALLED,0.0008,2026-08-02T00:09:00,2026-08-02T00:21:00,CDR
REL-0000261,P-000091,P-000265,CALLED,0.0004,2026-07-25T00:09:00,2026-07-25T00:24:00,CDR
REL-0000262,P-000091,P-000266,CALLED,0.0003,2026-07-27T00:00:00,2026-07-27T00:00:00,CDR
REL-0000263,P-000091,P-000267,CALLED,0.0009,2026-08-05T00:12:00,2026-08-05T00:30:00,CDR
REL-0000264,P-000091,P-000268,CALLED,0.0003,2026-07-26T00:21:00,2026-07-26T00:21:00,CDR
REL-0000265,P-000091,P-000269,CALLED,0.0008,2026-08-02T00:00:00,2026-08-02T00:10:00,CDR
REL-0000266,P-000091,P-000270,CALLED,0.0007,2026-07-30T00:01:00,2026-07-30T00:30:00,CDR
REL-0000267,P-000091,P-000271,CALLED,0.0004,2026-08-03T00:18:00,2026-08-03T00:18:00,CDR
REL-0000268,P-000091,P-000272,CALLED,0.0006,2026-08-02T00:23:00,2026-08-02T00:29:00,CDR
REL-0000269,P-000091,P-000273,CALLED,0.0005,2026-07-26T00:06:00,2026-07-26T00:25:00,CDR
REL-0000270,P-000091,P-000274,CALLED,0.0007,2026-07-31T00:06:00,2026-07-31T00:09:00,CDR
REL-0000271,P-000091,P-000275,CALLED,0.0004,2026-08-01T00:06:00,2026-08-01T00:06:00,CDR
REL-0000272,P-000091,P-000276,CALLED,0.0004,2026-07-21T00:09:00,2026-07-21T00:24:00,CDR
REL-0000273,P-000091,P-000277,CALLED,0.0007,2026-08-05T00:05:00,2026-08-05T00:19:00,CDR
REL-0000274,P-000091,P-000278,CALLED,0.0004,2026-07-22T00:00:00,2026-07-22T00:02:00,CDR
REL-0000275,P-000091,P-000279,CALLED,0.0005,2026-07-27T00:05:00,2026-07-27T00:26:00,CDR
REL-0000276,P-000091,P-000280,CALLED,0.0002,2026-07-23T00:17:00,2026-07-23T00:17:00,CDR
REL-0000277,P-000091,P-000281,CALLED,0.0004,2026-07-22T00:02:00,2026-07-22T00:09:00,CDR
REL-0000278,P-000091,P-000282,CALLED,0.0004,2026-07-23T00:17:00,2026-07-23T00:19:00,CDR
REL-0000279,P-000091,P-000283,CALLED,0.0004,2026-08-03T00:16:00,2026-08-03T00:16:00,CDR
REL-0000280,P-000091,P-000284,CALLED,0.0004,2026-07-23T00:05:00,2026-07-23T00:12:00,CDR
REL-0000281,P-000091,P-000285,CALLED,0.0004,2026-07-21T00:09:00,2026-07-21T00:28:00,CDR
REL-0000282,P-000091,P-000286,CALLED,0.0003,2026-07-31T00:14:00,2026-07-31T00:14:00,CDR
REL-0000283,P-000091,P-000287,CALLED,0.0007,2026-07-31T00:01:00,2026-07-31T00:11:00,CDR
REL-0000284,P-000091,P-000288,CALLED,0.0005,2026-07-26T00:03:00,2026-07-26T00:26:00,CDR
REL-0000285,P-000091,P-000289,CALLED,0.0003,2026-07-21T00:18:00,2026-07-21T00:20:00,CDR
REL-0000286,P-000091,P-000290,CALLED,0.0003,2026-07-27T00:09:00,2026-07-27T00:09:00,CDR
REL-0000287,P-000091,P-000291,CALLED,0.0004,2026-08-05T00:10:00,2026-08-05T00:10:00,CDR
REL-0000288,P-000091,P-000292,CALLED,0.0007,2026-07-31T00:06:00,2026-07-31T00:16:00,CDR
REL-0000289,P-000091,P-000293,CALLED,0.0003,2026-07-25T00:03:00,2026-07-25T00:03:00,CDR
REL-0000290,P-000091,P-000294,CALLED,0.0004,2026-08-01T00:10:00,2026-08-01T00:10:00,CDR
REL-0000291,P-000091,P-000295,CALLED,0.0005,2026-07-27T00:04:00,2026-07-27T00:30:00,CDR
REL-0000292,P-000091,P-000296,CALLED,0.0006,2026-08-02T00:07:00,2026-08-02T00:25:00,CDR
REL-0000293,P-000091,P-000297,CALLED,0.0005,2026-07-29T00:23:00,2026-07-29T00:25:00,CDR
REL-0000294,P-000091,P-000298,CALLED,0.0003,2026-07-21T00:13:00,2026-07-21T00:22:00,CDR
REL-0000295,P-000091,P-000299,CALLED,0.0008,2026-08-02T00:09:00,2026-08-02T00:15:00,CDR
REL-0000296,P-000091,P-000300,CALLED,0.0004,2026-08-03T00:18:00,2026-08-03T00:18:00,CDR
REL-0000297,P-000091,P-000301,CALLED,0.0007,2026-08-04T00:11:00,2026-08-04T00:19:00,CDR
REL-0000298,P-000091,P-000302,CALLED,0.0007,2026-08-05T00:17:00,2026-08-05T00:18:00,CDR
REL-0000299,P-000091,P-000303,CALLED,0.0008,2026-08-04T00:05:00,2026-08-04T00:27:00,CDR
REL-0000300,P-000091,P-000304,CALLED,0.0005,2026-07-30T00:01:00,2026-07-30T00:26:00,CDR
REL-0000301,P-000091,P-000305,CALLED,0.0004,2026-08-01T00:28:00,2026-08-01T00:28:00,CDR
REL-0000302,P-000091,P-000306,CALLED,0.0003,2026-07-25T00:07:00,2026-07-25T00:07:00,CDR
REL-0000303,P-000091,P-000307,CALLED,0.0006,2026-07-29T00:00:00,2026-07-29T00:22:00,CDR
REL-0000304,P-000091,P-000308,CALLED,0.0006,2026-07-28T00:19:00,2026-07-28T00:24:00,CDR
REL-0000305,P-000091,P-000309,CALLED,0.0004,2026-07-22T00:11:00,2026-07-22T00:25:00,CDR
REL-0000306,P-000091,P-000310,CALLED,0.0004,2026-07-22T00:00:00,2026-07-22T00:02:00,CDR
REL-0000307,P-000091,P-000311,CALLED,0.0006,2026-08-03T00:19:00,2026-08-03T00:28:00,CDR
REL-0000308,P-000091,P-000312,CALLED,0.0005,2026-07-29T00:03:00,2026-07-29T00:15:00,CDR
REL-0000309,P-000091,P-000313,CALLED,0.0008,2026-08-02T00:16:00,2026-08-02T00:19:00,CDR
REL-0000310,P-000091,P-000314,CALLED,0.0004,2026-08-04T00:01:00,2026-08-04T00:01:00,CDR
REL-0000311,P-000091,P-000315,CALLED,0.0007,2026-08-04T00:20:00,2026-08-04T00:25:00,CDR
REL-0000312,P-000091,P-000316,CALLED,0.0009,2026-08-05T00:10:00,2026-08-05T00:28:00,CDR
REL-0000313,P-000091,P-000317,CALLED,0.0009,2026-08-05T00:05:00,2026-08-05T00:30:00,CDR
REL-0000314,P-000091,P-000318,CALLED,0.0002,2026-07-21T00:11:00,2026-07-21T00:11:00,CDR
REL-0000315,P-000091,P-000319,CALLED,0.0004,2026-07-24T00:00:00,2026-07-24T00:13:00,CDR
REL-0000316,P-000091,P-000320,CALLED,0.0005,2026-07-25T00:18:00,2026-07-25T00:24:00,CDR
REL-0000317,P-000091,P-000321,CALLED,0.0004,2026-07-25T00:10:00,2026-07-25T00:12:00,CDR
REL-0000318,P-000091,P-000322,CALLED,0.0003,2026-07-27T00:07:00,2026-07-27T00:07:00,CDR
REL-0000319,P-000091,P-000323,CALLED,0.0008,2026-08-02T00:04:00,2026-08-02T00:30:00,CDR
REL-0000320,P-000091,P-000324,CALLED,0.0007,2026-07-31T00:08:00,2026-07-31T00:10:00,CDR
REL-0000321,P-000091,P-000325,CALLED,0.0006,2026-08-02T00:07:00,2026-08-02T00:25:00,CDR
REL-0000322,P-000091,P-000326,CALLED,0.0007,2026-07-30T00:01:00,2026-07-30T00:29:00,CDR
REL-0000323,P-000091,P-000327,CALLED,0.0004,2026-07-22T00:14:00,2026-07-22T00:18:00,CDR
REL-0000324,P-000091,P-000328,CALLED,0.0008,2026-08-02T00:07:00,2026-08-02T00:29:00,CDR
REL-0000325,P-000091,P-000329,CALLED,0.0006,2026-08-03T00:24:00,2026-08-03T00:24:00,CDR
REL-0000326,P-000091,P-000330,CALLED,0.0004,2026-07-23T00:00:00,2026-07-23T00:30:00,CDR
REL-0000327,P-000091,P-000331,CALLED,0.0006,2026-07-29T00:05:00,2026-07-29T00:16:00,CDR
REL-0000328,P-000091,P-000332,CALLED,0.0003,2026-07-25T00:14:00,2026-07-25T00:14:00,CDR
REL-0000329,P-000091,P-000333,CALLED,0.0006,2026-08-02T00:00:00,2026-08-02T00:18:00,CDR
REL-0000330,P-000091,P-000334,CALLED,0.0003,2026-07-27T00:04:00,2026-07-27T00:04:00,CDR
REL-0000331,P-000091,P-000335,CALLED,0.0006,2026-07-27T00:15:00,2026-07-27T00:30:00,CDR
REL-0000332,P-000091,P-000336,CALLED,0.0007,2026-08-01T00:03:00,2026-08-01T00:30:00,CDR
REL-0000333,P-000091,P-000337,CALLED,0.0005,2026-07-23T00:14:00,2026-07-23T00:29:00,CDR
REL-0000334,P-000002,P-000338,CALLED,3.0445,2026-08-04T00:00:00,2027-03-07T00:00:00,CDR
REL-0000335,P-000001,P-000339,CALLED,0.7484,2026-07-31T00:00:00,2026-12-07T00:00:00,CDR
REL-0000336,P-000002,P-000340,CALLED,0.8156,2026-08-01T00:00:00,2026-12-07T00:00:00,CDR
REL-0000337,P-000002,P-000341,CALLED,0.0094,2026-07-29T00:00:00,2026-09-17T00:00:00,CDR
REL-0000338,P-000003,P-000342,CALLED,1.7531,2026-07-27T00:00:00,2026-12-21T00:00:00,CDR
REL-0000339,P-000003,P-000343,CALLED,2.8904,2026-08-01T00:00:00,2027-01-01T00:00:00,CDR
REL-0000340,P-000003,P-000344,CALLED,1.0428,2026-08-07T00:00:00,2026-12-13T00:00:00,CDR
REL-0000341,P-000003,P-000345,CALLED,2.8904,2026-07-30T00:00:00,2027-02-02T00:00:00,CDR
REL-0000342,P-000001,P-000346,CALLED,0.9229,2026-08-02T00:00:00,2026-12-09T00:00:00,CDR
REL-0000343,P-000003,P-000347,CALLED,0.0031,2026-08-05T00:00:00,2026-08-31T00:00:00,CDR
REL-0000344,P-000003,P-000348,CALLED,0.0089,2026-08-04T00:00:00,2026-09-16T00:00:00,CDR
REL-0000345,ACC-000003,ACC-000004,TRANSACTED,0.0002,2026-08-01T12:00:00,2026-08-01T12:00:00,TRANSACTIONS
REL-0000346,ACC-000004,ACC-000005,TRANSACTED,0.0002,2026-08-01T12:10:00,2026-08-01T12:10:00,TRANSACTIONS
REL-0000347,ACC-000005,ACC-000006,TRANSACTED,0.0002,2026-08-01T12:22:00,2026-08-01T12:22:00,TRANSACTIONS
REL-0000348,ACC-000006,ACC-000001,TRANSACTED,0.0002,2026-08-01T12:47:00,2026-08-01T12:47:00,TRANSACTIONS
REL-0000349,ACC-000007,ACC-000008,TRANSACTED,0.0001,2026-07-21T13:00:00,2026-07-21T13:00:00,TRANSACTIONS
REL-0000350,ACC-000008,ACC-000009,TRANSACTED,0.0001,2026-07-21T13:37:00,2026-07-21T13:37:00,TRANSACTIONS
REL-0000351,ACC-000009,ACC-000001,TRANSACTED,0.0001,2026-07-21T13:56:00,2026-07-21T13:56:00,TRANSACTIONS
REL-0000352,ACC-000010,ACC-000011,TRANSACTED,0.0003,2026-08-04T09:00:00,2026-08-04T09:00:00,TRANSACTIONS
REL-0000353,ACC-000011,ACC-000012,TRANSACTED,0.0003,2026-08-04T09:17:00,2026-08-04T09:17:00,TRANSACTIONS
REL-0000354,ACC-000012,ACC-000001,TRANSACTED,0.0003,2026-08-04T09:33:00,2026-08-04T09:33:00,TRANSACTIONS
REL-0000355,ACC-000013,ACC-000014,TRANSACTED,0.0001,2026-07-25T21:00:00,2026-07-25T21:00:00,TRANSACTIONS
REL-0000356,ACC-000014,ACC-000015,TRANSACTED,0.0001,2026-07-25T21:38:00,2026-07-25T21:38:00,TRANSACTIONS
REL-0000357,ACC-000015,ACC-000001,TRANSACTED,0.0001,2026-07-25T22:00:00,2026-07-25T22:00:00,TRANSACTIONS
REL-0000358,ACC-000016,ACC-000017,TRANSACTED,0.0005,2026-08-11T10:00:00,2026-08-11T10:00:00,TRANSACTIONS
REL-0000359,ACC-000017,ACC-000018,TRANSACTED,0.0005,2026-08-11T10:04:00,2026-08-11T10:04:00,TRANSACTIONS
REL-0000360,ACC-000018,ACC-000019,TRANSACTED,0.0005,2026-08-11T10:06:00,2026-08-11T10:06:00,TRANSACTIONS
REL-0000361,ACC-000019,ACC-000020,TRANSACTED,0.0005,2026-08-11T10:40:00,2026-08-11T10:40:00,TRANSACTIONS
REL-0000362,ACC-000020,ACC-000001,TRANSACTED,0.0005,2026-08-11T11:02:00,2026-08-11T11:02:00,TRANSACTIONS
REL-0000363,ACC-000021,ACC-000022,TRANSACTED,0.0003,2026-08-05T20:00:00,2026-08-05T20:00:00,TRANSACTIONS
REL-0000364,ACC-000022,ACC-000023,TRANSACTED,0.0003,2026-08-05T20:14:00,2026-08-05T20:14:00,TRANSACTIONS
REL-0000365,ACC-000023,ACC-000024,TRANSACTED,0.0003,2026-08-05T20:22:00,2026-08-05T20:22:00,TRANSACTIONS
REL-0000366,ACC-000024,ACC-000001,TRANSACTED,0.0003,2026-08-05T20:37:00,2026-08-05T20:37:00,TRANSACTIONS
REL-0000367,ACC-000025,ACC-000026,TRANSACTED,0.0004,2026-08-07T14:00:00,2026-08-07T14:00:00,TRANSACTIONS
REL-0000368,ACC-000026,ACC-000027,TRANSACTED,0.0004,2026-08-07T14:35:00,2026-08-07T14:35:00,TRANSACTIONS
REL-0000369,ACC-000027,ACC-000028,TRANSACTED,0.0004,2026-08-07T14:41:00,2026-08-07T14:41:00,TRANSACTIONS
REL-0000370,ACC-000028,ACC-000001,TRANSACTED,0.0004,2026-08-07T14:50:00,2026-08-07T14:50:00,TRANSACTIONS
REL-0000371,ACC-000029,ACC-000030,TRANSACTED,0.0003,2026-08-04T11:00:00,2026-08-04T11:00:00,TRANSACTIONS
REL-0000372,ACC-000030,ACC-000031,TRANSACTED,0.0003,2026-08-04T11:30:00,2026-08-04T11:30:00,TRANSACTIONS
REL-0000373,ACC-000031,ACC-000001,TRANSACTED,0.0003,2026-08-04T11:57:00,2026-08-04T11:57:00,TRANSACTIONS
REL-0000374,ACC-000032,ACC-000033,TRANSACTED,0.0003,2026-08-04T19:00:00,2026-08-04T19:00:00,TRANSACTIONS
REL-0000375,ACC-000033,ACC-000034,TRANSACTED,0.0003,2026-08-04T19:22:00,2026-08-04T19:22:00,TRANSACTIONS
REL-0000376,ACC-000034,ACC-000001,TRANSACTED,0.0003,2026-08-04T19:40:00,2026-08-04T19:40:00,TRANSACTIONS
REL-0000377,ACC-000035,ACC-000036,TRANSACTED,0.0002,2026-07-23T12:00:00,2026-07-23T12:00:00,TRANSACTIONS
REL-0000378,ACC-000036,ACC-000037,TRANSACTED,0.0002,2026-07-23T12:08:00,2026-07-23T12:08:00,TRANSACTIONS
REL-0000379,ACC-000037,ACC-000001,TRANSACTED,0.0002,2026-07-23T12:47:00,2026-07-23T12:47:00,TRANSACTIONS
REL-0000380,ACC-000038,ACC-000039,TRANSACTED,0.0004,2026-08-11T12:00:00,2026-08-11T12:00:00,TRANSACTIONS
REL-0000381,ACC-000039,ACC-000040,TRANSACTED,0.0004,2026-08-11T12:22:00,2026-08-11T12:22:00,TRANSACTIONS
REL-0000382,ACC-000040,ACC-000001,TRANSACTED,0.0004,2026-08-11T12:34:00,2026-08-11T12:34:00,TRANSACTIONS
REL-0000383,ACC-000041,ACC-000042,TRANSACTED,0.0002,2026-07-27T10:00:00,2026-07-27T10:00:00,TRANSACTIONS
REL-0000384,ACC-000042,ACC-000043,TRANSACTED,0.0002,2026-07-27T10:44:00,2026-07-27T10:44:00,TRANSACTIONS
REL-0000385,ACC-000043,ACC-000044,TRANSACTED,0.0002,2026-07-27T11:29:00,2026-07-27T11:29:00,TRANSACTIONS
REL-0000386,ACC-000044,ACC-000001,TRANSACTED,0.0002,2026-07-27T11:49:00,2026-07-27T11:49:00,TRANSACTIONS
REL-0000387,ACC-000045,ACC-000046,TRANSACTED,0.0003,2026-08-06T21:00:00,2026-08-06T21:00:00,TRANSACTIONS
REL-0000388,ACC-000046,ACC-000047,TRANSACTED,0.0003,2026-08-06T21:04:00,2026-08-06T21:04:00,TRANSACTIONS
REL-0000389,ACC-000047,ACC-000001,TRANSACTED,0.0003,2026-08-06T21:26:00,2026-08-06T21:26:00,TRANSACTIONS
REL-0000390,ACC-000048,ACC-000049,TRANSACTED,0.0002,2026-07-23T11:00:00,2026-07-23T11:00:00,TRANSACTIONS
REL-0000391,ACC-000049,ACC-000050,TRANSACTED,0.0002,2026-07-23T11:16:00,2026-07-23T11:16:00,TRANSACTIONS
REL-0000392,ACC-000050,ACC-000051,TRANSACTED,0.0002,2026-07-23T11:37:00,2026-07-23T11:37:00,TRANSACTIONS
REL-0000393,ACC-000051,ACC-000001,TRANSACTED,0.0002,2026-07-23T12:02:00,2026-07-23T12:02:00,TRANSACTIONS
REL-0000394,ACC-000052,ACC-000053,TRANSACTED,0.0003,2026-08-06T17:00:00,2026-08-06T17:00:00,TRANSACTIONS
REL-0000395,ACC-000053,ACC-000054,TRANSACTED,0.0003,2026-08-06T17:23:00,2026-08-06T17:23:00,TRANSACTIONS
REL-0000396,ACC-000054,ACC-000055,TRANSACTED,0.0003,2026-08-06T17:29:00,2026-08-06T17:29:00,TRANSACTIONS
REL-0000397,ACC-000055,ACC-000001,TRANSACTED,0.0003,2026-08-06T17:57:00,2026-08-06T17:57:00,TRANSACTIONS
REL-0000398,ACC-000056,ACC-000057,TRANSACTED,0.0005,2026-08-17T21:00:00,2026-08-17T21:00:00,TRANSACTIONS
REL-0000399,ACC-000057,ACC-000058,TRANSACTED,0.0005,2026-08-17T21:21:00,2026-08-17T21:21:00,TRANSACTIONS
REL-0000400,ACC-000058,ACC-000059,TRANSACTED,0.0005,2026-08-17T21:46:00,2026-08-17T21:46:00,TRANSACTIONS
REL-0000401,ACC-000059,ACC-000001,TRANSACTED,0.0005,2026-08-17T22:19:00,2026-08-17T22:19:00,TRANSACTIONS
REL-0000402,ACC-000060,ACC-000061,TRANSACTED,0.0004,2026-08-13T17:00:00,2026-08-13T17:00:00,TRANSACTIONS
REL-0000403,ACC-000061,ACC-000062,TRANSACTED,0.0004,2026-08-13T17:26:00,2026-08-13T17:26:00,TRANSACTIONS
REL-0000404,ACC-000062,ACC-000063,TRANSACTED,0.0004,2026-08-13T17:31:00,2026-08-13T17:31:00,TRANSACTIONS
REL-0000405,ACC-000063,ACC-000001,TRANSACTED,0.0004,2026-08-13T17:40:00,2026-08-13T17:40:00,TRANSACTIONS
REL-0000406,ACC-000064,ACC-000065,TRANSACTED,0.0006,2026-08-18T17:00:00,2026-08-18T17:00:00,TRANSACTIONS
REL-0000407,ACC-000065,ACC-000066,TRANSACTED,0.0006,2026-08-18T17:41:00,2026-08-18T17:41:00,TRANSACTIONS
REL-0000408,ACC-000066,ACC-000067,TRANSACTED,0.0006,2026-08-18T18:11:00,2026-08-18T18:11:00,TRANSACTIONS
REL-0000409,ACC-000067,ACC-000001,TRANSACTED,0.0006,2026-08-18T18:46:00,2026-08-18T18:46:00,TRANSACTIONS
REL-0000410,ACC-000068,ACC-000069,TRANSACTED,0.0001,2026-07-22T09:00:00,2026-07-22T09:00:00,TRANSACTIONS
REL-0000411,ACC-000069,ACC-000070,TRANSACTED,0.0001,2026-07-22T09:37:00,2026-07-22T09:37:00,TRANSACTIONS
REL-0000412,ACC-000070,ACC-000001,TRANSACTED,0.0001,2026-07-22T09:52:00,2026-07-22T09:52:00,TRANSACTIONS
REL-0000413,ACC-000071,ACC-000072,TRANSACTED,0.0005,2026-08-13T11:00:00,2026-08-13T11:00:00,TRANSACTIONS
REL-0000414,ACC-000072,ACC-000073,TRANSACTED,0.0005,2026-08-13T11:11:00,2026-08-13T11:11:00,TRANSACTIONS
REL-0000415,ACC-000073,ACC-000074,TRANSACTED,0.0005,2026-08-13T11:25:00,2026-08-13T11:25:00,TRANSACTIONS
REL-0000416,ACC-000074,ACC-000075,TRANSACTED,0.0005,2026-08-13T11:47:00,2026-08-13T11:47:00,TRANSACTIONS
REL-0000417,ACC-000075,ACC-000001,TRANSACTED,0.0005,2026-08-13T12:10:00,2026-08-13T12:10:00,TRANSACTIONS
REL-0000418,ACC-000076,ACC-000077,TRANSACTED,0.0002,2026-07-22T13:00:00,2026-07-22T13:00:00,TRANSACTIONS
REL-0000419,ACC-000077,ACC-000078,TRANSACTED,0.0002,2026-07-22T13:33:00,2026-07-22T13:33:00,TRANSACTIONS
REL-0000420,ACC-000078,ACC-000079,TRANSACTED,0.0002,2026-07-22T14:02:00,2026-07-22T14:02:00,TRANSACTIONS
REL-0000421,ACC-000079,ACC-000001,TRANSACTED,0.0002,2026-07-22T14:25:00,2026-07-22T14:25:00,TRANSACTIONS
REL-0000422,ACC-000080,ACC-000081,TRANSACTED,0.0001,2026-07-21T19:00:00,2026-07-21T19:00:00,TRANSACTIONS
REL-0000423,ACC-000081,ACC-000082,TRANSACTED,0.0001,2026-07-21T19:44:00,2026-07-21T19:44:00,TRANSACTIONS
REL-0000424,ACC-000082,ACC-000083,TRANSACTED,0.0001,2026-07-21T19:58:00,2026-07-21T19:58:00,TRANSACTIONS
REL-0000425,ACC-000083,ACC-000001,TRANSACTED,0.0001,2026-07-21T20:40:00,2026-07-21T20:40:00,TRANSACTIONS
REL-0000426,ACC-000084,ACC-000085,TRANSACTED,0.0003,2026-08-04T09:00:00,2026-08-04T09:00:00,TRANSACTIONS
REL-0000427,ACC-000085,ACC-000086,TRANSACTED,0.0003,2026-08-04T09:13:00,2026-08-04T09:13:00,TRANSACTIONS
REL-0000428,ACC-000086,ACC-000087,TRANSACTED,0.0003,2026-08-04T09:37:00,2026-08-04T09:37:00,TRANSACTIONS
REL-0000429,ACC-000087,ACC-000001,TRANSACTED,0.0003,2026-08-04T09:59:00,2026-08-04T09:59:00,TRANSACTIONS
REL-0000430,ACC-000088,ACC-000089,TRANSACTED,0.0005,2026-08-17T15:00:00,2026-08-17T15:00:00,TRANSACTIONS
REL-0000431,ACC-000089,ACC-000090,TRANSACTED,0.0005,2026-08-17T15:13:00,2026-08-17T15:13:00,TRANSACTIONS
REL-0000432,ACC-000090,ACC-000091,TRANSACTED,0.0005,2026-08-17T15:57:00,2026-08-17T15:57:00,TRANSACTIONS
REL-0000433,ACC-000091,ACC-000001,TRANSACTED,0.0005,2026-08-17T16:23:00,2026-08-17T16:23:00,TRANSACTIONS
REL-0000434,ACC-000092,ACC-000093,TRANSACTED,0.0001,2026-07-21T13:00:00,2026-07-21T13:00:00,TRANSACTIONS
REL-0000435,ACC-000093,ACC-000094,TRANSACTED,0.0001,2026-07-21T13:06:00,2026-07-21T13:06:00,TRANSACTIONS
REL-0000436,ACC-000094,ACC-000095,TRANSACTED,0.0001,2026-07-21T13:35:00,2026-07-21T13:35:00,TRANSACTIONS
REL-0000437,ACC-000095,ACC-000001,TRANSACTED,0.0001,2026-07-21T14:10:00,2026-07-21T14:10:00,TRANSACTIONS
REL-0000438,ACC-000096,ACC-000097,TRANSACTED,0.0002,2026-07-25T20:00:00,2026-07-25T20:00:00,TRANSACTIONS
REL-0000439,ACC-000097,ACC-000098,TRANSACTED,0.0002,2026-07-25T20:12:00,2026-07-25T20:12:00,TRANSACTIONS
REL-0000440,ACC-000098,ACC-000099,TRANSACTED,0.0002,2026-07-25T20:46:00,2026-07-25T20:46:00,TRANSACTIONS
REL-0000441,ACC-000099,ACC-000001,TRANSACTED,0.0002,2026-07-25T20:49:00,2026-07-25T20:49:00,TRANSACTIONS
REL-0000442,ACC-000100,ACC-000101,TRANSACTED,0.0003,2026-08-07T10:00:00,2026-08-07T10:00:00,TRANSACTIONS
REL-0000443,ACC-000101,ACC-000102,TRANSACTED,0.0003,2026-08-07T10:32:00,2026-08-07T10:32:00,TRANSACTIONS
REL-0000444,ACC-000102,ACC-000103,TRANSACTED,0.0003,2026-08-07T11:14:00,2026-08-07T11:14:00,TRANSACTIONS
REL-0000445,ACC-000103,ACC-000001,TRANSACTED,0.0003,2026-08-07T11:22:00,2026-08-07T11:22:00,TRANSACTIONS
REL-0000446,ACC-000104,ACC-000105,TRANSACTED,0.0003,2026-07-30T11:00:00,2026-07-30T11:00:00,TRANSACTIONS
REL-0000447,ACC-000105,ACC-000106,TRANSACTED,0.0003,2026-07-30T11:12:00,2026-07-30T11:12:00,TRANSACTIONS
REL-0000448,ACC-000106,ACC-000107,TRANSACTED,0.0003,2026-07-30T11:24:00,2026-07-30T11:24:00,TRANSACTIONS
REL-0000449,ACC-000107,ACC-000108,TRANSACTED,0.0003,2026-07-30T11:55:00,2026-07-30T11:55:00,TRANSACTIONS
REL-0000450,ACC-000108,ACC-000001,TRANSACTED,0.0003,2026-07-30T12:28:00,2026-07-30T12:28:00,TRANSACTIONS
REL-0000451,ACC-000109,ACC-000110,TRANSACTED,0.0006,2026-08-16T17:00:00,2026-08-16T17:00:00,TRANSACTIONS
REL-0000452,ACC-000110,ACC-000111,TRANSACTED,0.0006,2026-08-16T17:16:00,2026-08-16T17:16:00,TRANSACTIONS
REL-0000453,ACC-000111,ACC-000112,TRANSACTED,0.0006,2026-08-16T17:54:00,2026-08-16T17:54:00,TRANSACTIONS
REL-0000454,ACC-000112,ACC-000001,TRANSACTED,0.0006,2026-08-16T18:25:00,2026-08-16T18:25:00,TRANSACTIONS
REL-0000455,ACC-000113,ACC-000114,TRANSACTED,0.0004,2026-08-13T20:00:00,2026-08-13T20:00:00,TRANSACTIONS
REL-0000456,ACC-000114,ACC-000115,TRANSACTED,0.0004,2026-08-13T20:15:00,2026-08-13T20:15:00,TRANSACTIONS
REL-0000457,ACC-000115,ACC-000116,TRANSACTED,0.0004,2026-08-13T20:48:00,2026-08-13T20:48:00,TRANSACTIONS
REL-0000458,ACC-000116,ACC-000001,TRANSACTED,0.0004,2026-08-13T21:10:00,2026-08-13T21:10:00,TRANSACTIONS
REL-0000459,ACC-000117,ACC-000118,TRANSACTED,0.0004,2026-08-13T11:00:00,2026-08-13T11:00:00,TRANSACTIONS
REL-0000460,ACC-000118,ACC-000119,TRANSACTED,0.0004,2026-08-13T11:15:00,2026-08-13T11:15:00,TRANSACTIONS
REL-0000461,ACC-000119,ACC-000120,TRANSACTED,0.0004,2026-08-13T11:23:00,2026-08-13T11:23:00,TRANSACTIONS
REL-0000462,ACC-000120,ACC-000121,TRANSACTED,0.0004,2026-08-13T11:30:00,2026-08-13T11:30:00,TRANSACTIONS
REL-0000463,ACC-000121,ACC-000001,TRANSACTED,0.0004,2026-08-13T11:46:00,2026-08-13T11:46:00,TRANSACTIONS
REL-0000464,ACC-000122,ACC-000123,TRANSACTED,0.0004,2026-08-12T15:00:00,2026-08-12T15:00:00,TRANSACTIONS
REL-0000465,ACC-000123,ACC-000124,TRANSACTED,0.0004,2026-08-12T15:11:00,2026-08-12T15:11:00,TRANSACTIONS
REL-0000466,ACC-000124,ACC-000125,TRANSACTED,0.0004,2026-08-12T15:24:00,2026-08-12T15:24:00,TRANSACTIONS
REL-0000467,ACC-000125,ACC-000126,TRANSACTED,0.0004,2026-08-12T15:42:00,2026-08-12T15:42:00,TRANSACTIONS
REL-0000468,ACC-000126,ACC-000001,TRANSACTED,0.0004,2026-08-12T15:53:00,2026-08-12T15:53:00,TRANSACTIONS
REL-0000469,ACC-000127,ACC-000128,TRANSACTED,0.0002,2026-07-31T20:00:00,2026-07-31T20:00:00,TRANSACTIONS
REL-0000470,ACC-000128,ACC-000129,TRANSACTED,0.0002,2026-07-31T20:22:00,2026-07-31T20:22:00,TRANSACTIONS
REL-0000471,ACC-000129,ACC-000001,TRANSACTED,0.0002,2026-07-31T20:57:00,2026-07-31T20:57:00,TRANSACTIONS
REL-0000472,ACC-000130,ACC-000131,TRANSACTED,0.0004,2026-08-15T21:00:00,2026-08-15T21:00:00,TRANSACTIONS
REL-0000473,ACC-000131,ACC-000132,TRANSACTED,0.0004,2026-08-15T21:16:00,2026-08-15T21:16:00,TRANSACTIONS
REL-0000474,ACC-000132,ACC-000001,TRANSACTED,0.0004,2026-08-15T21:43:00,2026-08-15T21:43:00,TRANSACTIONS
REL-0000475,ACC-000133,ACC-000134,TRANSACTED,0.0003,2026-08-06T09:00:00,2026-08-06T09:00:00,TRANSACTIONS
REL-0000476,ACC-000134,ACC-000135,TRANSACTED,0.0003,2026-08-06T09:16:00,2026-08-06T09:16:00,TRANSACTIONS
REL-0000477,ACC-000135,ACC-000136,TRANSACTED,0.0003,2026-08-06T09:27:00,2026-08-06T09:27:00,TRANSACTIONS
REL-0000478,ACC-000136,ACC-000137,TRANSACTED,0.0003,2026-08-06T09:53:00,2026-08-06T09:53:00,TRANSACTIONS
REL-0000479,ACC-000137,ACC-000001,TRANSACTED,0.0003,2026-08-06T10:08:00,2026-08-06T10:08:00,TRANSACTIONS
REL-0000480,ACC-000138,ACC-000139,TRANSACTED,0.0003,2026-08-08T14:00:00,2026-08-08T14:00:00,TRANSACTIONS
REL-0000481,ACC-000139,ACC-000140,TRANSACTED,0.0003,2026-08-08T14:34:00,2026-08-08T14:34:00,TRANSACTIONS
REL-0000482,ACC-000140,ACC-000001,TRANSACTED,0.0003,2026-08-08T14:55:00,2026-08-08T14:55:00,TRANSACTIONS
REL-0000483,ACC-000141,ACC-000142,TRANSACTED,0.0003,2026-08-10T10:00:00,2026-08-10T10:00:00,TRANSACTIONS
REL-0000484,ACC-000142,ACC-000143,TRANSACTED,0.0003,2026-08-10T10:04:00,2026-08-10T10:04:00,TRANSACTIONS
REL-0000485,ACC-000143,ACC-000001,TRANSACTED,0.0003,2026-08-10T10:40:00,2026-08-10T10:40:00,TRANSACTIONS
REL-0000486,ACC-000144,ACC-000145,TRANSACTED,0.0003,2026-08-05T19:00:00,2026-08-05T19:00:00,TRANSACTIONS
REL-0000487,ACC-000145,ACC-000146,TRANSACTED,0.0003,2026-08-05T19:27:00,2026-08-05T19:27:00,TRANSACTIONS
REL-0000488,ACC-000146,ACC-000147,TRANSACTED,0.0003,2026-08-05T20:08:00,2026-08-05T20:08:00,TRANSACTIONS
REL-0000489,ACC-000147,ACC-000148,TRANSACTED,0.0003,2026-08-05T20:42:00,2026-08-05T20:42:00,TRANSACTIONS
REL-0000490,ACC-000148,ACC-000001,TRANSACTED,0.0003,2026-08-05T21:25:00,2026-08-05T21:25:00,TRANSACTIONS
REL-0000491,ACC-000149,ACC-000150,TRANSACTED,0.0006,2026-08-19T20:00:00,2026-08-19T20:00:00,TRANSACTIONS
REL-0000492,ACC-000150,ACC-000151,TRANSACTED,0.0006,2026-08-19T20:23:00,2026-08-19T20:23:00,TRANSACTIONS
REL-0000493,ACC-000151,ACC-000152,TRANSACTED,0.0006,2026-08-19T21:00:00,2026-08-19T21:00:00,TRANSACTIONS
REL-0000494,ACC-000152,ACC-000153,TRANSACTED,0.0006,2026-08-19T21:43:00,2026-08-19T21:43:00,TRANSACTIONS
REL-0000495,ACC-000153,ACC-000001,TRANSACTED,0.0006,2026-08-19T22:21:00,2026-08-19T22:21:00,TRANSACTIONS
REL-0000496,ACC-000154,ACC-000155,TRANSACTED,0.0003,2026-08-07T14:00:00,2026-08-07T14:00:00,TRANSACTIONS
REL-0000497,ACC-000155,ACC-000156,TRANSACTED,0.0003,2026-08-07T14:24:00,2026-08-07T14:24:00,TRANSACTIONS
REL-0000498,ACC-000156,ACC-000157,TRANSACTED,0.0003,2026-08-07T14:38:00,2026-08-07T14:38:00,TRANSACTIONS
REL-0000499,ACC-000157,ACC-000001,TRANSACTED,0.0003,2026-08-07T15:17:00,2026-08-07T15:17:00,TRANSACTIONS
REL-0000500,ACC-000158,ACC-000159,TRANSACTED,0.0005,2026-08-19T09:00:00,2026-08-19T09:00:00,TRANSACTIONS
REL-0000501,ACC-000159,ACC-000160,TRANSACTED,0.0005,2026-08-19T09:07:00,2026-08-19T09:07:00,TRANSACTIONS
REL-0000502,ACC-000160,ACC-000161,TRANSACTED,0.0005,2026-08-19T09:27:00,2026-08-19T09:27:00,TRANSACTIONS
REL-0000503,ACC-000161,ACC-000001,TRANSACTED,0.0005,2026-08-19T10:03:00,2026-08-19T10:03:00,TRANSACTIONS
REL-0000504,ACC-000162,ACC-000163,TRANSACTED,0.0002,2026-07-29T16:00:00,2026-07-29T16:00:00,TRANSACTIONS
REL-0000505,ACC-000163,ACC-000164,TRANSACTED,0.0002,2026-07-29T16:27:00,2026-07-29T16:27:00,TRANSACTIONS
REL-0000506,ACC-000164,ACC-000165,TRANSACTED,0.0002,2026-07-29T17:06:00,2026-07-29T17:06:00,TRANSACTIONS
REL-0000507,ACC-000165,ACC-000166,TRANSACTED,0.0002,2026-07-29T17:11:00,2026-07-29T17:11:00,TRANSACTIONS
REL-0000508,ACC-000166,ACC-000001,TRANSACTED,0.0002,2026-07-29T17:44:00,2026-07-29T17:44:00,TRANSACTIONS
REL-0000509,ACC-000167,ACC-000168,TRANSACTED,0.0004,2026-08-08T15:00:00,2026-08-08T15:00:00,TRANSACTIONS
REL-0000510,ACC-000168,ACC-000169,TRANSACTED,0.0004,2026-08-08T15:10:00,2026-08-08T15:10:00,TRANSACTIONS
REL-0000511,ACC-000169,ACC-000170,TRANSACTED,0.0004,2026-08-08T15:31:00,2026-08-08T15:31:00,TRANSACTIONS
REL-0000512,ACC-000170,ACC-000171,TRANSACTED,0.0004,2026-08-08T16:00:00,2026-08-08T16:00:00,TRANSACTIONS
REL-0000513,ACC-000171,ACC-000001,TRANSACTED,0.0004,2026-08-08T16:42:00,2026-08-08T16:42:00,TRANSACTIONS
REL-0000514,ACC-000172,ACC-000173,TRANSACTED,0.0006,2026-08-20T13:00:00,2026-08-20T13:00:00,TRANSACTIONS
REL-0000515,ACC-000173,ACC-000174,TRANSACTED,0.0006,2026-08-20T13:42:00,2026-08-20T13:42:00,TRANSACTIONS
REL-0000516,ACC-000174,ACC-000175,TRANSACTED,0.0006,2026-08-20T14:24:00,2026-08-20T14:24:00,TRANSACTIONS
REL-0000517,ACC-000175,ACC-000001,TRANSACTED,0.0006,2026-08-20T14:45:00,2026-08-20T14:45:00,TRANSACTIONS
REL-0000518,ACC-000176,ACC-000177,TRANSACTED,0.0003,2026-08-08T13:00:00,2026-08-08T13:00:00,TRANSACTIONS
REL-0000519,ACC-000177,ACC-000178,TRANSACTED,0.0003,2026-08-08T13:36:00,2026-08-08T13:36:00,TRANSACTIONS
REL-0000520,ACC-000178,ACC-000001,TRANSACTED,0.0003,2026-08-08T14:08:00,2026-08-08T14:08:00,TRANSACTIONS
REL-0000521,ACC-000179,ACC-000180,TRANSACTED,0.0005,2026-08-16T10:00:00,2026-08-16T10:00:00,TRANSACTIONS
REL-0000522,ACC-000180,ACC-000181,TRANSACTED,0.0005,2026-08-16T10:17:00,2026-08-16T10:17:00,TRANSACTIONS
REL-0000523,ACC-000181,ACC-000182,TRANSACTED,0.0005,2026-08-16T10:36:00,2026-08-16T10:36:00,TRANSACTIONS
REL-0000524,ACC-000182,ACC-000001,TRANSACTED,0.0005,2026-08-16T11:15:00,2026-08-16T11:15:00,TRANSACTIONS
REL-0000525,ACC-000183,ACC-000184,TRANSACTED,0.0004,2026-08-13T10:00:00,2026-08-13T10:00:00,TRANSACTIONS
REL-0000526,ACC-000184,ACC-000185,TRANSACTED,0.0004,2026-08-13T10:16:00,2026-08-13T10:16:00,TRANSACTIONS
REL-0000527,ACC-000185,ACC-000186,TRANSACTED,0.0004,2026-08-13T10:23:00,2026-08-13T10:23:00,TRANSACTIONS
REL-0000528,ACC-000186,ACC-000187,TRANSACTED,0.0004,2026-08-13T10:53:00,2026-08-13T10:53:00,TRANSACTIONS
REL-0000529,ACC-000187,ACC-000001,TRANSACTED,0.0004,2026-08-13T11:05:00,2026-08-13T11:05:00,TRANSACTIONS
REL-0000530,ACC-000188,ACC-000189,TRANSACTED,0.0003,2026-08-08T16:00:00,2026-08-08T16:00:00,TRANSACTIONS
REL-0000531,ACC-000189,ACC-000190,TRANSACTED,0.0003,2026-08-08T16:08:00,2026-08-08T16:08:00,TRANSACTIONS
REL-0000532,ACC-000190,ACC-000001,TRANSACTED,0.0003,2026-08-08T16:43:00,2026-08-08T16:43:00,TRANSACTIONS
REL-0000533,ACC-000191,ACC-000192,TRANSACTED,0.0005,2026-08-12T18:00:00,2026-08-12T18:00:00,TRANSACTIONS
REL-0000534,ACC-000192,ACC-000193,TRANSACTED,0.0005,2026-08-12T18:31:00,2026-08-12T18:31:00,TRANSACTIONS
REL-0000535,ACC-000193,ACC-000194,TRANSACTED,0.0005,2026-08-12T18:53:00,2026-08-12T18:53:00,TRANSACTIONS
REL-0000536,ACC-000194,ACC-000195,TRANSACTED,0.0005,2026-08-12T19:31:00,2026-08-12T19:31:00,TRANSACTIONS
REL-0000537,ACC-000195,ACC-000001,TRANSACTED,0.0005,2026-08-12T19:47:00,2026-08-12T19:47:00,TRANSACTIONS
REL-0000538,ACC-000196,ACC-000197,TRANSACTED,0.0003,2026-08-07T10:00:00,2026-08-07T10:00:00,TRANSACTIONS
REL-0000539,ACC-000197,ACC-000198,TRANSACTED,0.0003,2026-08-07T10:27:00,2026-08-07T10:27:00,TRANSACTIONS
REL-0000540,ACC-000198,ACC-000199,TRANSACTED,0.0003,2026-08-07T10:56:00,2026-08-07T10:56:00,TRANSACTIONS
REL-0000541,ACC-000199,ACC-000200,TRANSACTED,0.0003,2026-08-07T11:30:00,2026-08-07T11:30:00,TRANSACTIONS
REL-0000542,ACC-000200,ACC-000001,TRANSACTED,0.0003,2026-08-07T11:42:00,2026-08-07T11:42:00,TRANSACTIONS
REL-0000543,ACC-000201,ACC-000202,TRANSACTED,0.0007,2026-08-20T21:00:00,2026-08-20T21:00:00,TRANSACTIONS
REL-0000544,ACC-000202,ACC-000203,TRANSACTED,0.0007,2026-08-20T21:13:00,2026-08-20T21:13:00,TRANSACTIONS
REL-0000545,ACC-000203,ACC-000001,TRANSACTED,0.0007,2026-08-20T21:27:00,2026-08-20T21:27:00,TRANSACTIONS
REL-0000546,ACC-000204,ACC-000205,TRANSACTED,0.0002,2026-07-28T19:00:00,2026-07-28T19:00:00,TRANSACTIONS
REL-0000547,ACC-000205,ACC-000206,TRANSACTED,0.0002,2026-07-28T19:05:00,2026-07-28T19:05:00,TRANSACTIONS
REL-0000548,ACC-000206,ACC-000001,TRANSACTED,0.0002,2026-07-28T19:50:00,2026-07-28T19:50:00,TRANSACTIONS
REL-0000549,ACC-000207,ACC-000208,TRANSACTED,0.0004,2026-08-13T20:00:00,2026-08-13T20:00:00,TRANSACTIONS
REL-0000550,ACC-000208,ACC-000209,TRANSACTED,0.0004,2026-08-13T20:43:00,2026-08-13T20:43:00,TRANSACTIONS
REL-0000551,ACC-000209,ACC-000001,TRANSACTED,0.0004,2026-08-13T20:46:00,2026-08-13T20:46:00,TRANSACTIONS
REL-0000552,ACC-000210,ACC-000211,TRANSACTED,0.0004,2026-08-13T19:00:00,2026-08-13T19:00:00,TRANSACTIONS
REL-0000553,ACC-000211,ACC-000212,TRANSACTED,0.0004,2026-08-13T19:02:00,2026-08-13T19:02:00,TRANSACTIONS
REL-0000554,ACC-000212,ACC-000001,TRANSACTED,0.0004,2026-08-13T19:09:00,2026-08-13T19:09:00,TRANSACTIONS
REL-0000555,ACC-000213,ACC-000214,TRANSACTED,0.0001,2026-07-22T14:00:00,2026-07-22T14:00:00,TRANSACTIONS
REL-0000556,ACC-000214,ACC-000215,TRANSACTED,0.0001,2026-07-22T14:13:00,2026-07-22T14:13:00,TRANSACTIONS
REL-0000557,ACC-000215,ACC-000216,TRANSACTED,0.0001,2026-07-22T14:21:00,2026-07-22T14:21:00,TRANSACTIONS
REL-0000558,ACC-000216,ACC-000001,TRANSACTED,0.0001,2026-07-22T14:46:00,2026-07-22T14:46:00,TRANSACTIONS
REL-0000559,ACC-000217,ACC-000218,TRANSACTED,0.0001,2026-07-22T11:00:00,2026-07-22T11:00:00,TRANSACTIONS
REL-0000560,ACC-000218,ACC-000219,TRANSACTED,0.0001,2026-07-22T11:36:00,2026-07-22T11:36:00,TRANSACTIONS
REL-0000561,ACC-000219,ACC-000001,TRANSACTED,0.0001,2026-07-22T12:06:00,2026-07-22T12:06:00,TRANSACTIONS
REL-0000562,ACC-000220,ACC-000221,TRANSACTED,0.0004,2026-08-14T17:00:00,2026-08-14T17:00:00,TRANSACTIONS
REL-0000563,ACC-000221,ACC-000222,TRANSACTED,0.0004,2026-08-14T17:44:00,2026-08-14T17:44:00,TRANSACTIONS
REL-0000564,ACC-000222,ACC-000001,TRANSACTED,0.0004,2026-08-14T18:13:00,2026-08-14T18:13:00,TRANSACTIONS
REL-0000565,ACC-000223,ACC-000224,TRANSACTED,0.0002,2026-08-02T10:00:00,2026-08-02T10:00:00,TRANSACTIONS
REL-0000566,ACC-000224,ACC-000225,TRANSACTED,0.0002,2026-08-02T10:36:00,2026-08-02T10:36:00,TRANSACTIONS
REL-0000567,ACC-000225,ACC-000001,TRANSACTED,0.0002,2026-08-02T10:53:00,2026-08-02T10:53:00,TRANSACTIONS
REL-0000568,ACC-000226,ACC-000227,TRANSACTED,0.0003,2026-08-09T16:00:00,2026-08-09T16:00:00,TRANSACTIONS
REL-0000569,ACC-000227,ACC-000228,TRANSACTED,0.0003,2026-08-09T16:06:00,2026-08-09T16:06:00,TRANSACTIONS
REL-0000570,ACC-000228,ACC-000229,TRANSACTED,0.0003,2026-08-09T16:37:00,2026-08-09T16:37:00,TRANSACTIONS
REL-0000571,ACC-000229,ACC-000230,TRANSACTED,0.0003,2026-08-09T16:47:00,2026-08-09T16:47:00,TRANSACTIONS
REL-0000572,ACC-000230,ACC-000001,TRANSACTED,0.0003,2026-08-09T16:49:00,2026-08-09T16:49:00,TRANSACTIONS
REL-0000573,ACC-000231,ACC-000232,TRANSACTED,0.0002,2026-07-25T11:00:00,2026-07-25T11:00:00,TRANSACTIONS
REL-0000574,ACC-000232,ACC-000233,TRANSACTED,0.0002,2026-07-25T11:20:00,2026-07-25T11:20:00,TRANSACTIONS
REL-0000575,ACC-000233,ACC-000234,TRANSACTED,0.0002,2026-07-25T11:59:00,2026-07-25T11:59:00,TRANSACTIONS
REL-0000576,ACC-000234,ACC-000001,TRANSACTED,0.0002,2026-07-25T12:07:00,2026-07-25T12:07:00,TRANSACTIONS
REL-0000577,ACC-000235,ACC-000236,TRANSACTED,0.0003,2026-08-06T12:00:00,2026-08-06T12:00:00,TRANSACTIONS
REL-0000578,ACC-000236,ACC-000237,TRANSACTED,0.0003,2026-08-06T12:34:00,2026-08-06T12:34:00,TRANSACTIONS
REL-0000579,ACC-000237,ACC-000238,TRANSACTED,0.0003,2026-08-06T13:12:00,2026-08-06T13:12:00,TRANSACTIONS
REL-0000580,ACC-000238,ACC-000239,TRANSACTED,0.0003,2026-08-06T13:31:00,2026-08-06T13:31:00,TRANSACTIONS
REL-0000581,ACC-000239,ACC-000001,TRANSACTED,0.0003,2026-08-06T13:48:00,2026-08-06T13:48:00,TRANSACTIONS
REL-0000582,ACC-000240,ACC-000241,TRANSACTED,0.0003,2026-08-03T09:00:00,2026-08-03T09:00:00,TRANSACTIONS
REL-0000583,ACC-000241,ACC-000242,TRANSACTED,0.0003,2026-08-03T09:27:00,2026-08-03T09:27:00,TRANSACTIONS
REL-0000584,ACC-000242,ACC-000243,TRANSACTED,0.0003,2026-08-03T09:58:00,2026-08-03T09:58:00,TRANSACTIONS
REL-0000585,ACC-000243,ACC-000001,TRANSACTED,0.0003,2026-08-03T10:12:00,2026-08-03T10:12:00,TRANSACTIONS
REL-0000586,ACC-000244,ACC-000245,TRANSACTED,0.0004,2026-08-08T20:00:00,2026-08-08T20:00:00,TRANSACTIONS
REL-0000587,ACC-000245,ACC-000246,TRANSACTED,0.0004,2026-08-08T20:33:00,2026-08-08T20:33:00,TRANSACTIONS
REL-0000588,ACC-000246,ACC-000247,TRANSACTED,0.0004,2026-08-08T21:07:00,2026-08-08T21:07:00,TRANSACTIONS
REL-0000589,ACC-000247,ACC-000248,TRANSACTED,0.0004,2026-08-08T21:12:00,2026-08-08T21:12:00,TRANSACTIONS
REL-0000590,ACC-000248,ACC-000001,TRANSACTED,0.0004,2026-08-08T21:17:00,2026-08-08T21:17:00,TRANSACTIONS
REL-0000591,ACC-000249,ACC-000250,TRANSACTED,0.0002,2026-07-27T19:00:00,2026-07-27T19:00:00,TRANSACTIONS
REL-0000592,ACC-000250,ACC-000251,TRANSACTED,0.0002,2026-07-27T19:12:00,2026-07-27T19:12:00,TRANSACTIONS
REL-0000593,ACC-000251,ACC-000252,TRANSACTED,0.0002,2026-07-27T19:25:00,2026-07-27T19:25:00,TRANSACTIONS
REL-0000594,ACC-000252,ACC-000253,TRANSACTED,0.0002,2026-07-27T19:46:00,2026-07-27T19:46:00,TRANSACTIONS
REL-0000595,ACC-000253,ACC-000001,TRANSACTED,0.0002,2026-07-27T20:11:00,2026-07-27T20:11:00,TRANSACTIONS
REL-0000596,ACC-000254,ACC-000255,TRANSACTED,0.0003,2026-08-07T10:00:00,2026-08-07T10:00:00,TRANSACTIONS
REL-0000597,ACC-000255,ACC-000256,TRANSACTED,0.0003,2026-08-07T10:41:00,2026-08-07T10:41:00,TRANSACTIONS
REL-0000598,ACC-000256,ACC-000257,TRANSACTED,0.0003,2026-08-07T11:10:00,2026-08-07T11:10:00,TRANSACTIONS
REL-0000599,ACC-000257,ACC-000001,TRANSACTED,0.0003,2026-08-07T11:14:00,2026-08-07T11:14:00,TRANSACTIONS
REL-0000600,ACC-000258,ACC-000259,TRANSACTED,0.0004,2026-08-08T12:00:00,2026-08-08T12:00:00,TRANSACTIONS
REL-0000601,ACC-000259,ACC-000260,TRANSACTED,0.0004,2026-08-08T12:43:00,2026-08-08T12:43:00,TRANSACTIONS
REL-0000602,ACC-000260,ACC-000261,TRANSACTED,0.0004,2026-08-08T12:56:00,2026-08-08T12:56:00,TRANSACTIONS
REL-0000603,ACC-000261,ACC-000262,TRANSACTED,0.0004,2026-08-08T13:37:00,2026-08-08T13:37:00,TRANSACTIONS
REL-0000604,ACC-000262,ACC-000001,TRANSACTED,0.0004,2026-08-08T14:08:00,2026-08-08T14:08:00,TRANSACTIONS
REL-0000605,ACC-000263,ACC-000264,TRANSACTED,0.0001,2026-07-22T18:00:00,2026-07-22T18:00:00,TRANSACTIONS
REL-0000606,ACC-000264,ACC-000265,TRANSACTED,0.0001,2026-07-22T18:28:00,2026-07-22T18:28:00,TRANSACTIONS
REL-0000607,ACC-000265,ACC-000001,TRANSACTED,0.0001,2026-07-22T18:54:00,2026-07-22T18:54:00,TRANSACTIONS
REL-0000608,ACC-000266,ACC-000267,TRANSACTED,0.0003,2026-08-04T18:00:00,2026-08-04T18:00:00,TRANSACTIONS
REL-0000609,ACC-000267,ACC-000268,TRANSACTED,0.0003,2026-08-04T18:17:00,2026-08-04T18:17:00,TRANSACTIONS
REL-0000610,ACC-000268,ACC-000269,TRANSACTED,0.0003,2026-08-04T18:45:00,2026-08-04T18:45:00,TRANSACTIONS
REL-0000611,ACC-000269,ACC-000270,TRANSACTED,0.0003,2026-08-04T19:03:00,2026-08-04T19:03:00,TRANSACTIONS
REL-0000612,ACC-000270,ACC-000001,TRANSACTED,0.0003,2026-08-04T19:19:00,2026-08-04T19:19:00,TRANSACTIONS
REL-0000613,ACC-000271,ACC-000272,TRANSACTED,0.0002,2026-07-30T20:00:00,2026-07-30T20:00:00,TRANSACTIONS
REL-0000614,ACC-000272,ACC-000273,TRANSACTED,0.0002,2026-07-30T20:25:00,2026-07-30T20:25:00,TRANSACTIONS
REL-0000615,ACC-000273,ACC-000274,TRANSACTED,0.0002,2026-07-30T20:52:00,2026-07-30T20:52:00,TRANSACTIONS
REL-0000616,ACC-000274,ACC-000275,TRANSACTED,0.0002,2026-07-30T21:02:00,2026-07-30T21:02:00,TRANSACTIONS
REL-0000617,ACC-000275,ACC-000001,TRANSACTED,0.0002,2026-07-30T21:19:00,2026-07-30T21:19:00,TRANSACTIONS
REL-0000618,ACC-000276,ACC-000277,TRANSACTED,0.0004,2026-08-05T13:00:00,2026-08-05T13:00:00,TRANSACTIONS
REL-0000619,ACC-000277,ACC-000278,TRANSACTED,0.0004,2026-08-05T13:26:00,2026-08-05T13:26:00,TRANSACTIONS
REL-0000620,ACC-000278,ACC-000001,TRANSACTED,0.0004,2026-08-05T13:32:00,2026-08-05T13:32:00,TRANSACTIONS
REL-0000621,ACC-000279,ACC-000280,TRANSACTED,0.0004,2026-08-15T15:00:00,2026-08-15T15:00:00,TRANSACTIONS
REL-0000622,ACC-000280,ACC-000281,TRANSACTED,0.0004,2026-08-15T15:05:00,2026-08-15T15:05:00,TRANSACTIONS
REL-0000623,ACC-000281,ACC-000282,TRANSACTED,0.0004,2026-08-15T15:49:00,2026-08-15T15:49:00,TRANSACTIONS
REL-0000624,ACC-000282,ACC-000001,TRANSACTED,0.0004,2026-08-15T16:18:00,2026-08-15T16:18:00,TRANSACTIONS
REL-0000625,ACC-000283,ACC-000284,TRANSACTED,0.0003,2026-08-05T16:00:00,2026-08-05T16:00:00,TRANSACTIONS
REL-0000626,ACC-000284,ACC-000285,TRANSACTED,0.0003,2026-08-05T16:43:00,2026-08-05T16:43:00,TRANSACTIONS
REL-0000627,ACC-000285,ACC-000001,TRANSACTED,0.0003,2026-08-05T17:23:00,2026-08-05T17:23:00,TRANSACTIONS
REL-0000628,ACC-000286,ACC-000287,TRANSACTED,0.0003,2026-08-06T15:00:00,2026-08-06T15:00:00,TRANSACTIONS
REL-0000629,ACC-000287,ACC-000288,TRANSACTED,0.0003,2026-08-06T15:44:00,2026-08-06T15:44:00,TRANSACTIONS
REL-0000630,ACC-000288,ACC-000289,TRANSACTED,0.0003,2026-08-06T15:48:00,2026-08-06T15:48:00,TRANSACTIONS
REL-0000631,ACC-000289,ACC-000290,TRANSACTED,0.0003,2026-08-06T16:21:00,2026-08-06T16:21:00,TRANSACTIONS
REL-0000632,ACC-000290,ACC-000001,TRANSACTED,0.0003,2026-08-06T16:53:00,2026-08-06T16:53:00,TRANSACTIONS
REL-0000633,ACC-000291,ACC-000292,TRANSACTED,0.0002,2026-07-30T18:00:00,2026-07-30T18:00:00,TRANSACTIONS
REL-0000634,ACC-000292,ACC-000293,TRANSACTED,0.0002,2026-07-30T18:07:00,2026-07-30T18:07:00,TRANSACTIONS
REL-0000635,ACC-000293,ACC-000294,TRANSACTED,0.0002,2026-07-30T18:40:00,2026-07-30T18:40:00,TRANSACTIONS
REL-0000636,ACC-000294,ACC-000001,TRANSACTED,0.0002,2026-07-30T19:17:00,2026-07-30T19:17:00,TRANSACTIONS
REL-0000637,ACC-000295,ACC-000296,TRANSACTED,0.0002,2026-07-26T18:00:00,2026-07-26T18:00:00,TRANSACTIONS
REL-0000638,ACC-000296,ACC-000297,TRANSACTED,0.0002,2026-07-26T18:21:00,2026-07-26T18:21:00,TRANSACTIONS
REL-0000639,ACC-000297,ACC-000298,TRANSACTED,0.0002,2026-07-26T19:05:00,2026-07-26T19:05:00,TRANSACTIONS
REL-0000640,ACC-000298,ACC-000001,TRANSACTED,0.0002,2026-07-26T19:09:00,2026-07-26T19:09:00,TRANSACTIONS
REL-0000641,ACC-000299,ACC-000300,TRANSACTED,0.0004,2026-08-20T13:00:00,2026-08-20T13:00:00,TRANSACTIONS
REL-0000642,ACC-000300,ACC-000301,TRANSACTED,0.0004,2026-08-20T13:43:00,2026-08-20T13:43:00,TRANSACTIONS
REL-0000643,ACC-000301,ACC-000302,TRANSACTED,0.0004,2026-08-20T14:24:00,2026-08-20T14:24:00,TRANSACTIONS
REL-0000644,ACC-000302,ACC-000303,TRANSACTED,0.0004,2026-08-20T14:38:00,2026-08-20T14:38:00,TRANSACTIONS
REL-0000645,ACC-000303,ACC-000001,TRANSACTED,0.0004,2026-08-20T14:41:00,2026-08-20T14:41:00,TRANSACTIONS
REL-0000646,ACC-000304,ACC-000305,TRANSACTED,0.0003,2026-08-09T17:00:00,2026-08-09T17:00:00,TRANSACTIONS
REL-0000647,ACC-000305,ACC-000306,TRANSACTED,0.0003,2026-08-09T17:02:00,2026-08-09T17:02:00,TRANSACTIONS
REL-0000648,ACC-000306,ACC-000307,TRANSACTED,0.0003,2026-08-09T17:16:00,2026-08-09T17:16:00,TRANSACTIONS
REL-0000649,ACC-000307,ACC-000308,TRANSACTED,0.0003,2026-08-09T17:43:00,2026-08-09T17:43:00,TRANSACTIONS
REL-0000650,ACC-000308,ACC-000001,TRANSACTED,0.0003,2026-08-09T18:14:00,2026-08-09T18:14:00,TRANSACTIONS
REL-0000651,ACC-000309,ACC-000310,TRANSACTED,0.0002,2026-07-25T16:00:00,2026-07-25T16:00:00,TRANSACTIONS
REL-0000652,ACC-000310,ACC-000311,TRANSACTED,0.0002,2026-07-25T16:32:00,2026-07-25T16:32:00,TRANSACTIONS
REL-0000653,ACC-000311,ACC-000312,TRANSACTED,0.0002,2026-07-25T17:06:00,2026-07-25T17:06:00,TRANSACTIONS
REL-0000654,ACC-000312,ACC-000001,TRANSACTED,0.0002,2026-07-25T17:20:00,2026-07-25T17:20:00,TRANSACTIONS
REL-0000655,ACC-000313,ACC-000314,TRANSACTED,0.0002,2026-08-01T16:00:00,2026-08-01T16:00:00,TRANSACTIONS
REL-0000656,ACC-000314,ACC-000315,TRANSACTED,0.0002,2026-08-01T16:09:00,2026-08-01T16:09:00,TRANSACTIONS
REL-0000657,ACC-000315,ACC-000316,TRANSACTED,0.0002,2026-08-01T16:21:00,2026-08-01T16:21:00,TRANSACTIONS
REL-0000658,ACC-000316,ACC-000317,TRANSACTED,0.0002,2026-08-01T16:23:00,2026-08-01T16:23:00,TRANSACTIONS
REL-0000659,ACC-000317,ACC-000001,TRANSACTED,0.0002,2026-08-01T17:06:00,2026-08-01T17:06:00,TRANSACTIONS
REL-0000660,ACC-000318,ACC-000319,TRANSACTED,0.0003,2026-08-06T11:00:00,2026-08-06T11:00:00,TRANSACTIONS
REL-0000661,ACC-000319,ACC-000320,TRANSACTED,0.0003,2026-08-06T11:14:00,2026-08-06T11:14:00,TRANSACTIONS
REL-0000662,ACC-000320,ACC-000321,TRANSACTED,0.0003,2026-08-06T11:36:00,2026-08-06T11:36:00,TRANSACTIONS
REL-0000663,ACC-000321,ACC-000322,TRANSACTED,0.0003,2026-08-06T12:20:00,2026-08-06T12:20:00,TRANSACTIONS
REL-0000664,ACC-000322,ACC-000001,TRANSACTED,0.0003,2026-08-06T12:41:00,2026-08-06T12:41:00,TRANSACTIONS
REL-0000665,ACC-000323,ACC-000324,TRANSACTED,0.0005,2026-08-17T16:00:00,2026-08-17T16:00:00,TRANSACTIONS
REL-0000666,ACC-000324,ACC-000325,TRANSACTED,0.0005,2026-08-17T16:14:00,2026-08-17T16:14:00,TRANSACTIONS
REL-0000667,ACC-000325,ACC-000326,TRANSACTED,0.0005,2026-08-17T16:20:00,2026-08-17T16:20:00,TRANSACTIONS
REL-0000668,ACC-000326,ACC-000001,TRANSACTED,0.0005,2026-08-17T17:05:00,2026-08-17T17:05:00,TRANSACTIONS
REL-0000669,ACC-000327,ACC-000328,TRANSACTED,0.0004,2026-08-18T12:00:00,2026-08-18T12:00:00,TRANSACTIONS
REL-0000670,ACC-000328,ACC-000329,TRANSACTED,0.0004,2026-08-18T12:05:00,2026-08-18T12:05:00,TRANSACTIONS
REL-0000671,ACC-000329,ACC-000330,TRANSACTED,0.0004,2026-08-18T12:19:00,2026-08-18T12:19:00,TRANSACTIONS
REL-0000672,ACC-000330,ACC-000001,TRANSACTED,0.0004,2026-08-18T12:26:00,2026-08-18T12:26:00,TRANSACTIONS
REL-0000673,ACC-000001,ACC-000002,TRANSACTED,0.0115,2026-08-30T00:00:00,2026-09-21T00:00:00,TRANSACTIONS
REL-0000674,P-000007,P-000007,MENTIONED_IN_FIR,0.1,2026-07-25T00:00:00,2026-07-25T00:00:00,FIR-0001
REL-0000675,P-000007,PH-000004,MENTIONED_IN_FIR,0.1,2026-07-25T00:00:00,2026-07-25T00:00:00,FIR-0001
REL-0000676,P-000007,,MENTIONED_IN_FIR,0.1,2026-07-25T00:00:00,2026-07-25T00:00:00,FIR-0001
REL-0000677,P-000008,P-000008,MENTIONED_IN_FIR,0.1,2026-08-11T00:00:00,2026-08-11T00:00:00,FIR-0002
REL-0000678,P-000008,PH-000004,MENTIONED_IN_FIR,0.1,2026-08-11T00:00:00,2026-08-11T00:00:00,FIR-0002
REL-0000679,P-000008,,MENTIONED_IN_FIR,0.1,2026-08-11T00:00:00,2026-08-11T00:00:00,FIR-0002
REL-0000680,P-000009,P-000009,MENTIONED_IN_FIR,0.1,2026-08-13T00:00:00,2026-08-13T00:00:00,FIR-0003
REL-0000681,P-000009,PH-000004,MENTIONED_IN_FIR,0.1,2026-08-13T00:00:00,2026-08-13T00:00:00,FIR-0003
REL-0000682,P-000009,,MENTIONED_IN_FIR,0.1,2026-08-13T00:00:00,2026-08-13T00:00:00,FIR-0003
REL-0000683,P-000010,P-000010,MENTIONED_IN_FIR,0.1,2026-08-06T00:00:00,2026-08-06T00:00:00,FIR-0004
REL-0000684,P-000010,PH-000004,MENTIONED_IN_FIR,0.1,2026-08-06T00:00:00,2026-08-06T00:00:00,FIR-0004
REL-0000685,P-000010,,MENTIONED_IN_FIR,0.1,2026-08-06T00:00:00,2026-08-06T00:00:00,FIR-0004
REL-0000686,P-000011,P-000011,MENTIONED_IN_FIR,0.1,2026-08-14T00:00:00,2026-08-14T00:00:00,FIR-0005
REL-0000687,P-000011,PH-000004,MENTIONED_IN_FIR,0.1,2026-08-14T00:00:00,2026-08-14T00:00:00,FIR-0005
REL-0000688,P-000011,,MENTIONED_IN_FIR,0.1,2026-08-14T00:00:00,2026-08-14T00:00:00,FIR-0005
REL-0000689,P-000012,P-000012,MENTIONED_IN_FIR,0.1,2026-08-09T00:00:00,2026-08-09T00:00:00,FIR-0006
REL-0000690,P-000012,PH-000004,MENTIONED_IN_FIR,0.1,2026-08-09T00:00:00,2026-08-09T00:00:00,FIR-0006
REL-0000691,P-000012,,MENTIONED_IN_FIR,0.1,2026-08-09T00:00:00,2026-08-09T00:00:00,FIR-0006
REL-0000692,P-000013,P-000013,MENTIONED_IN_FIR,0.1,2026-08-16T00:00:00,2026-08-16T00:00:00,FIR-0007
REL-0000693,P-000013,PH-000004,MENTIONED_IN_FIR,0.1,2026-08-16T00:00:00,2026-08-16T00:00:00,FIR-0007
REL-0000694,P-000013,,MENTIONED_IN_FIR,0.1,2026-08-16T00:00:00,2026-08-16T00:00:00,FIR-0007
REL-0000695,P-000014,P-000014,MENTIONED_IN_FIR,0.1,2026-08-08T00:00:00,2026-08-08T00:00:00,FIR-0008
REL-0000696,P-000014,PH-000004,MENTIONED_IN_FIR,0.1,2026-08-08T00:00:00,2026-08-08T00:00:00,FIR-0008
REL-0000697,P-000014,,MENTIONED_IN_FIR,0.1,2026-08-08T00:00:00,2026-08-08T00:00:00,FIR-0008
REL-0000698,P-000015,P-000015,MENTIONED_IN_FIR,0.1,2026-08-06T00:00:00,2026-08-06T00:00:00,FIR-0009
REL-0000699,P-000015,PH-000004,MENTIONED_IN_FIR,0.1,2026-08-06T00:00:00,2026-08-06T00:00:00,FIR-0009
REL-0000700,P-000015,,MENTIONED_IN_FIR,0.1,2026-08-06T00:00:00,2026-08-06T00:00:00,FIR-0009
REL-0000701,P-000016,P-000016,MENTIONED_IN_FIR,0.1,2026-07-23T00:00:00,2026-07-23T00:00:00,FIR-0010
REL-0000702,P-000016,PH-000004,MENTIONED_IN_FIR,0.1,2026-07-23T00:00:00,2026-07-23T00:00:00,FIR-0010
REL-0000703,P-000016,,MENTIONED_IN_FIR,0.1,2026-07-23T00:00:00,2026-07-23T00:00:00,FIR-0010
REL-0000704,P-000017,P-000017,MENTIONED_IN_FIR,0.1,2026-08-05T00:00:00,2026-08-05T00:00:00,FIR-0011
REL-0000705,P-000017,PH-000004,MENTIONED_IN_FIR,0.1,2026-08-05T00:00:00,2026-08-05T00:00:00,FIR-0011
REL-0000706,P-000017,,MENTIONED_IN_FIR,0.1,2026-08-05T00:00:00,2026-08-05T00:00:00,FIR-0011
REL-0000707,P-000018,P-000018,MENTIONED_IN_FIR,0.1,2026-08-03T00:00:00,2026-08-03T00:00:00,FIR-0012
REL-0000708,P-000018,PH-000004,MENTIONED_IN_FIR,0.1,2026-08-03T00:00:00,2026-08-03T00:00:00,FIR-0012
REL-0000709,P-000018,,MENTIONED_IN_FIR,0.1,2026-08-03T00:00:00,2026-08-03T00:00:00,FIR-0012
REL-0000710,P-000019,P-000019,MENTIONED_IN_FIR,0.1,2026-08-08T00:00:00,2026-08-08T00:00:00,FIR-0013
REL-0000711,P-000019,PH-000004,MENTIONED_IN_FIR,0.1,2026-08-08T00:00:00,2026-08-08T00:00:00,FIR-0013
REL-0000712,P-000019,,MENTIONED_IN_FIR,0.1,2026-08-08T00:00:00,2026-08-08T00:00:00,FIR-0013
REL-0000713,P-000020,P-000020,MENTIONED_IN_FIR,0.1,2026-08-12T00:00:00,2026-08-12T00:00:00,FIR-0014
REL-0000714,P-000020,PH-000004,MENTIONED_IN_FIR,0.1,2026-08-12T00:00:00,2026-08-12T00:00:00,FIR-0014
REL-0000715,P-000020,,MENTIONED_IN_FIR,0.1,2026-08-12T00:00:00,2026-08-12T00:00:00,FIR-0014
REL-0000716,P-000021,P-000021,MENTIONED_IN_FIR,0.1,2026-07-31T00:00:00,2026-07-31T00:00:00,FIR-0015
REL-0000717,P-000021,PH-000004,MENTIONED_IN_FIR,0.1,2026-07-31T00:00:00,2026-07-31T00:00:00,FIR-0015
REL-0000718,P-000021,,MENTIONED_IN_FIR,0.1,2026-07-31T00:00:00,2026-07-31T00:00:00,FIR-0015
REL-0000719,P-000022,P-000022,MENTIONED_IN_FIR,0.1,2026-08-10T00:00:00,2026-08-10T00:00:00,FIR-0016
REL-0000720,P-000022,PH-000004,MENTIONED_IN_FIR,0.1,2026-08-10T00:00:00,2026-08-10T00:00:00,FIR-0016
REL-0000721,P-000022,,MENTIONED_IN_FIR,0.1,2026-08-10T00:00:00,2026-08-10T00:00:00,FIR-0016
REL-0000722,P-000023,P-000023,MENTIONED_IN_FIR,0.1,2026-08-03T00:00:00,2026-08-03T00:00:00,FIR-0017
REL-0000723,P-000023,PH-000004,MENTIONED_IN_FIR,0.1,2026-08-03T00:00:00,2026-08-03T00:00:00,FIR-0017
REL-0000724,P-000023,,MENTIONED_IN_FIR,0.1,2026-08-03T00:00:00,2026-08-03T00:00:00,FIR-0017
REL-0000725,P-000024,P-000024,MENTIONED_IN_FIR,0.1,2026-08-08T00:00:00,2026-08-08T00:00:00,FIR-0018
REL-0000726,P-000024,PH-000004,MENTIONED_IN_FIR,0.1,2026-08-08T00:00:00,2026-08-08T00:00:00,FIR-0018
REL-0000727,P-000024,,MENTIONED_IN_FIR,0.1,2026-08-08T00:00:00,2026-08-08T00:00:00,FIR-0018
REL-0000728,P-000025,P-000025,MENTIONED_IN_FIR,0.1,2026-08-13T00:00:00,2026-08-13T00:00:00,FIR-0019
REL-0000729,P-000025,PH-000004,MENTIONED_IN_FIR,0.1,2026-08-13T00:00:00,2026-08-13T00:00:00,FIR-0019
REL-0000730,P-000025,,MENTIONED_IN_FIR,0.1,2026-08-13T00:00:00,2026-08-13T00:00:00,FIR-0019
REL-0000731,P-000026,P-000026,MENTIONED_IN_FIR,0.1,2026-08-14T00:00:00,2026-08-14T00:00:00,FIR-0020
REL-0000732,P-000026,PH-000004,MENTIONED_IN_FIR,0.1,2026-08-14T00:00:00,2026-08-14T00:00:00,FIR-0020
REL-0000733,P-000026,,MENTIONED_IN_FIR,0.1,2026-08-14T00:00:00,2026-08-14T00:00:00,FIR-0020
REL-0000734,P-000027,P-000027,MENTIONED_IN_FIR,0.1,2026-07-29T00:00:00,2026-07-29T00:00:00,FIR-0021
REL-0000735,P-000027,PH-000004,MENTIONED_IN_FIR,0.1,2026-07-29T00:00:00,2026-07-29T00:00:00,FIR-0021
REL-0000736,P-000027,,MENTIONED_IN_FIR,0.1,2026-07-29T00:00:00,2026-07-29T00:00:00,FIR-0021
REL-0000737,P-000028,P-000028,MENTIONED_IN_FIR,0.1,2026-08-13T00:00:00,2026-08-13T00:00:00,FIR-0022
REL-0000738,P-000028,PH-000004,MENTIONED_IN_FIR,0.1,2026-08-13T00:00:00,2026-08-13T00:00:00,FIR-0022
REL-0000739,P-000028,,MENTIONED_IN_FIR,0.1,2026-08-13T00:00:00,2026-08-13T00:00:00,FIR-0022
REL-0000740,P-000029,P-000029,MENTIONED_IN_FIR,0.1,2026-08-08T00:00:00,2026-08-08T00:00:00,FIR-0023
REL-0000741,P-000029,PH-000004,MENTIONED_IN_FIR,0.1,2026-08-08T00:00:00,2026-08-08T00:00:00,FIR-0023
REL-0000742,P-000029,,MENTIONED_IN_FIR,0.1,2026-08-08T00:00:00,2026-08-08T00:00:00,FIR-0023
REL-0000743,P-000030,P-000030,MENTIONED_IN_FIR,0.1,2026-08-06T00:00:00,2026-08-06T00:00:00,FIR-0024
REL-0000744,P-000030,PH-000004,MENTIONED_IN_FIR,0.1,2026-08-06T00:00:00,2026-08-06T00:00:00,FIR-0024
REL-0000745,P-000030,,MENTIONED_IN_FIR,0.1,2026-08-06T00:00:00,2026-08-06T00:00:00,FIR-0024
REL-0000746,P-000031,P-000031,MENTIONED_IN_FIR,0.1,2026-08-11T00:00:00,2026-08-11T00:00:00,FIR-0025
REL-0000747,P-000031,PH-000004,MENTIONED_IN_FIR,0.1,2026-08-11T00:00:00,2026-08-11T00:00:00,FIR-0025
REL-0000748,P-000031,,MENTIONED_IN_FIR,0.1,2026-08-11T00:00:00,2026-08-11T00:00:00,FIR-0025
REL-0000749,P-000032,P-000032,MENTIONED_IN_FIR,0.1,2026-08-11T00:00:00,2026-08-11T00:00:00,FIR-0026
REL-0000750,P-000032,PH-000004,MENTIONED_IN_FIR,0.1,2026-08-11T00:00:00,2026-08-11T00:00:00,FIR-0026
REL-0000751,P-000032,,MENTIONED_IN_FIR,0.1,2026-08-11T00:00:00,2026-08-11T00:00:00,FIR-0026
REL-0000752,P-000033,P-000033,MENTIONED_IN_FIR,0.1,2026-07-26T00:00:00,2026-07-26T00:00:00,FIR-0027
REL-0000753,P-000033,PH-000004,MENTIONED_IN_FIR,0.1,2026-07-26T00:00:00,2026-07-26T00:00:00,FIR-0027
REL-0000754,P-000033,,MENTIONED_IN_FIR,0.1,2026-07-26T00:00:00,2026-07-26T00:00:00,FIR-0027
REL-0000755,P-000034,P-000034,MENTIONED_IN_FIR,0.1,2026-08-04T00:00:00,2026-08-04T00:00:00,FIR-0028
REL-0000756,P-000034,PH-000004,MENTIONED_IN_FIR,0.1,2026-08-04T00:00:00,2026-08-04T00:00:00,FIR-0028
REL-0000757,P-000034,,MENTIONED_IN_FIR,0.1,2026-08-04T00:00:00,2026-08-04T00:00:00,FIR-0028
REL-0000758,P-000035,P-000035,MENTIONED_IN_FIR,0.1,2026-08-08T00:00:00,2026-08-08T00:00:00,FIR-0029
REL-0000759,P-000035,PH-000005,MENTIONED_IN_FIR,0.1,2026-08-08T00:00:00,2026-08-08T00:00:00,FIR-0029
REL-0000760,P-000035,,MENTIONED_IN_FIR,0.1,2026-08-08T00:00:00,2026-08-08T00:00:00,FIR-0029
REL-0000761,P-000036,P-000036,MENTIONED_IN_FIR,0.1,2026-08-18T00:00:00,2026-08-18T00:00:00,FIR-0030
REL-0000762,P-000036,PH-000005,MENTIONED_IN_FIR,0.1,2026-08-18T00:00:00,2026-08-18T00:00:00,FIR-0030
REL-0000763,P-000036,,MENTIONED_IN_FIR,0.1,2026-08-18T00:00:00,2026-08-18T00:00:00,FIR-0030
REL-0000764,P-000037,P-000037,MENTIONED_IN_FIR,0.1,2026-07-26T00:00:00,2026-07-26T00:00:00,FIR-0031
REL-0000765,P-000037,PH-000005,MENTIONED_IN_FIR,0.1,2026-07-26T00:00:00,2026-07-26T00:00:00,FIR-0031
REL-0000766,P-000037,,MENTIONED_IN_FIR,0.1,2026-07-26T00:00:00,2026-07-26T00:00:00,FIR-0031
REL-0000767,P-000038,P-000038,MENTIONED_IN_FIR,0.1,2026-08-16T00:00:00,2026-08-16T00:00:00,FIR-0032
REL-0000768,P-000038,PH-000005,MENTIONED_IN_FIR,0.1,2026-08-16T00:00:00,2026-08-16T00:00:00,FIR-0032
REL-0000769,P-000038,,MENTIONED_IN_FIR,0.1,2026-08-16T00:00:00,2026-08-16T00:00:00,FIR-0032
REL-0000770,P-000039,P-000039,MENTIONED_IN_FIR,0.1,2026-08-13T00:00:00,2026-08-13T00:00:00,FIR-0033
REL-0000771,P-000039,PH-000005,MENTIONED_IN_FIR,0.1,2026-08-13T00:00:00,2026-08-13T00:00:00,FIR-0033
REL-0000772,P-000039,,MENTIONED_IN_FIR,0.1,2026-08-13T00:00:00,2026-08-13T00:00:00,FIR-0033
REL-0000773,P-000040,P-000040,MENTIONED_IN_FIR,0.1,2026-08-06T00:00:00,2026-08-06T00:00:00,FIR-0034
REL-0000774,P-000040,PH-000005,MENTIONED_IN_FIR,0.1,2026-08-06T00:00:00,2026-08-06T00:00:00,FIR-0034
REL-0000775,P-000040,,MENTIONED_IN_FIR,0.1,2026-08-06T00:00:00,2026-08-06T00:00:00,FIR-0034
REL-0000776,P-000041,P-000041,MENTIONED_IN_FIR,0.1,2026-08-11T00:00:00,2026-08-11T00:00:00,FIR-0035
REL-0000777,P-000041,PH-000005,MENTIONED_IN_FIR,0.1,2026-08-11T00:00:00,2026-08-11T00:00:00,FIR-0035
REL-0000778,P-000041,,MENTIONED_IN_FIR,0.1,2026-08-11T00:00:00,2026-08-11T00:00:00,FIR-0035
REL-0000779,P-000042,P-000042,MENTIONED_IN_FIR,0.1,2026-08-13T00:00:00,2026-08-13T00:00:00,FIR-0036
REL-0000780,P-000042,PH-000005,MENTIONED_IN_FIR,0.1,2026-08-13T00:00:00,2026-08-13T00:00:00,FIR-0036
REL-0000781,P-000042,,MENTIONED_IN_FIR,0.1,2026-08-13T00:00:00,2026-08-13T00:00:00,FIR-0036
REL-0000782,P-000043,P-000043,MENTIONED_IN_FIR,0.1,2026-08-16T00:00:00,2026-08-16T00:00:00,FIR-0037
REL-0000783,P-000043,PH-000005,MENTIONED_IN_FIR,0.1,2026-08-16T00:00:00,2026-08-16T00:00:00,FIR-0037
REL-0000784,P-000043,,MENTIONED_IN_FIR,0.1,2026-08-16T00:00:00,2026-08-16T00:00:00,FIR-0037
REL-0000785,P-000044,P-000044,MENTIONED_IN_FIR,0.1,2026-08-02T00:00:00,2026-08-02T00:00:00,FIR-0038
REL-0000786,P-000044,PH-000005,MENTIONED_IN_FIR,0.1,2026-08-02T00:00:00,2026-08-02T00:00:00,FIR-0038
REL-0000787,P-000044,,MENTIONED_IN_FIR,0.1,2026-08-02T00:00:00,2026-08-02T00:00:00,FIR-0038
REL-0000788,P-000045,P-000045,MENTIONED_IN_FIR,0.1,2026-08-13T00:00:00,2026-08-13T00:00:00,FIR-0039
REL-0000789,P-000045,PH-000005,MENTIONED_IN_FIR,0.1,2026-08-13T00:00:00,2026-08-13T00:00:00,FIR-0039
REL-0000790,P-000045,,MENTIONED_IN_FIR,0.1,2026-08-13T00:00:00,2026-08-13T00:00:00,FIR-0039
REL-0000791,P-000046,P-000046,MENTIONED_IN_FIR,0.1,2026-08-13T00:00:00,2026-08-13T00:00:00,FIR-0040
REL-0000792,P-000046,PH-000005,MENTIONED_IN_FIR,0.1,2026-08-13T00:00:00,2026-08-13T00:00:00,FIR-0040
REL-0000793,P-000046,,MENTIONED_IN_FIR,0.1,2026-08-13T00:00:00,2026-08-13T00:00:00,FIR-0040
REL-0000794,P-000047,P-000047,MENTIONED_IN_FIR,0.1,2026-08-13T00:00:00,2026-08-13T00:00:00,FIR-0041
REL-0000795,P-000047,PH-000005,MENTIONED_IN_FIR,0.1,2026-08-13T00:00:00,2026-08-13T00:00:00,FIR-0041
REL-0000796,P-000047,,MENTIONED_IN_FIR,0.1,2026-08-13T00:00:00,2026-08-13T00:00:00,FIR-0041
REL-0000797,P-000048,P-000048,MENTIONED_IN_FIR,0.1,2026-08-04T00:00:00,2026-08-04T00:00:00,FIR-0042
REL-0000798,P-000048,PH-000005,MENTIONED_IN_FIR,0.1,2026-08-04T00:00:00,2026-08-04T00:00:00,FIR-0042
REL-0000799,P-000048,,MENTIONED_IN_FIR,0.1,2026-08-04T00:00:00,2026-08-04T00:00:00,FIR-0042
REL-0000800,P-000049,P-000049,MENTIONED_IN_FIR,0.1,2026-08-16T00:00:00,2026-08-16T00:00:00,FIR-0043
REL-0000801,P-000049,PH-000005,MENTIONED_IN_FIR,0.1,2026-08-16T00:00:00,2026-08-16T00:00:00,FIR-0043
REL-0000802,P-000049,,MENTIONED_IN_FIR,0.1,2026-08-16T00:00:00,2026-08-16T00:00:00,FIR-0043
REL-0000803,P-000050,P-000050,MENTIONED_IN_FIR,0.1,2026-07-23T00:00:00,2026-07-23T00:00:00,FIR-0044
REL-0000804,P-000050,PH-000005,MENTIONED_IN_FIR,0.1,2026-07-23T00:00:00,2026-07-23T00:00:00,FIR-0044
REL-0000805,P-000050,,MENTIONED_IN_FIR,0.1,2026-07-23T00:00:00,2026-07-23T00:00:00,FIR-0044
REL-0000806,P-000051,P-000051,MENTIONED_IN_FIR,0.1,2026-07-30T00:00:00,2026-07-30T00:00:00,FIR-0045
REL-0000807,P-000051,PH-000005,MENTIONED_IN_FIR,0.1,2026-07-30T00:00:00,2026-07-30T00:00:00,FIR-0045
REL-0000808,P-000051,,MENTIONED_IN_FIR,0.1,2026-07-30T00:00:00,2026-07-30T00:00:00,FIR-0045
REL-0000809,P-000052,P-000052,MENTIONED_IN_FIR,0.1,2026-08-08T00:00:00,2026-08-08T00:00:00,FIR-0046
REL-0000810,P-000052,PH-000005,MENTIONED_IN_FIR,0.1,2026-08-08T00:00:00,2026-08-08T00:00:00,FIR-0046
REL-0000811,P-000052,,MENTIONED_IN_FIR,0.1,2026-08-08T00:00:00,2026-08-08T00:00:00,FIR-0046
REL-0000812,P-000053,P-000053,MENTIONED_IN_FIR,0.1,2026-07-27T00:00:00,2026-07-27T00:00:00,FIR-0047
REL-0000813,P-000053,PH-000005,MENTIONED_IN_FIR,0.1,2026-07-27T00:00:00,2026-07-27T00:00:00,FIR-0047
REL-0000814,P-000053,,MENTIONED_IN_FIR,0.1,2026-07-27T00:00:00,2026-07-27T00:00:00,FIR-0047
REL-0000815,P-000054,P-000054,MENTIONED_IN_FIR,0.1,2026-08-09T00:00:00,2026-08-09T00:00:00,FIR-0048
REL-0000816,P-000054,PH-000005,MENTIONED_IN_FIR,0.1,2026-08-09T00:00:00,2026-08-09T00:00:00,FIR-0048
REL-0000817,P-000054,,MENTIONED_IN_FIR,0.1,2026-08-09T00:00:00,2026-08-09T00:00:00,FIR-0048
REL-0000818,P-000055,P-000055,MENTIONED_IN_FIR,0.1,2026-08-12T00:00:00,2026-08-12T00:00:00,FIR-0049
REL-0000819,P-000055,PH-000005,MENTIONED_IN_FIR,0.1,2026-08-12T00:00:00,2026-08-12T00:00:00,FIR-0049
REL-0000820,P-000055,,MENTIONED_IN_FIR,0.1,2026-08-12T00:00:00,2026-08-12T00:00:00,FIR-0049
REL-0000821,P-000056,P-000056,MENTIONED_IN_FIR,0.1,2026-08-04T00:00:00,2026-08-04T00:00:00,FIR-0050
REL-0000822,P-000056,PH-000005,MENTIONED_IN_FIR,0.1,2026-08-04T00:00:00,2026-08-04T00:00:00,FIR-0050
REL-0000823,P-000056,,MENTIONED_IN_FIR,0.1,2026-08-04T00:00:00,2026-08-04T00:00:00,FIR-0050
REL-0000824,P-000057,P-000057,MENTIONED_IN_FIR,0.1,2026-08-01T00:00:00,2026-08-01T00:00:00,FIR-0051
REL-0000825,P-000057,PH-000005,MENTIONED_IN_FIR,0.1,2026-08-01T00:00:00,2026-08-01T00:00:00,FIR-0051
REL-0000826,P-000057,,MENTIONED_IN_FIR,0.1,2026-08-01T00:00:00,2026-08-01T00:00:00,FIR-0051
REL-0000827,P-000058,P-000058,MENTIONED_IN_FIR,0.1,2026-08-16T00:00:00,2026-08-16T00:00:00,FIR-0052
REL-0000828,P-000058,PH-000005,MENTIONED_IN_FIR,0.1,2026-08-16T00:00:00,2026-08-16T00:00:00,FIR-0052
REL-0000829,P-000058,,MENTIONED_IN_FIR,0.1,2026-08-16T00:00:00,2026-08-16T00:00:00,FIR-0052
REL-0000830,P-000059,P-000059,MENTIONED_IN_FIR,0.1,2026-08-03T00:00:00,2026-08-03T00:00:00,FIR-0053
REL-0000831,P-000059,PH-000005,MENTIONED_IN_FIR,0.1,2026-08-03T00:00:00,2026-08-03T00:00:00,FIR-0053
REL-0000832,P-000059,,MENTIONED_IN_FIR,0.1,2026-08-03T00:00:00,2026-08-03T00:00:00,FIR-0053
REL-0000833,P-000060,P-000060,MENTIONED_IN_FIR,0.1,2026-08-11T00:00:00,2026-08-11T00:00:00,FIR-0054
REL-0000834,P-000060,PH-000005,MENTIONED_IN_FIR,0.1,2026-08-11T00:00:00,2026-08-11T00:00:00,FIR-0054
REL-0000835,P-000060,,MENTIONED_IN_FIR,0.1,2026-08-11T00:00:00,2026-08-11T00:00:00,FIR-0054
REL-0000836,P-000061,P-000061,MENTIONED_IN_FIR,0.1,2026-08-05T00:00:00,2026-08-05T00:00:00,FIR-0055
REL-0000837,P-000061,PH-000005,MENTIONED_IN_FIR,0.1,2026-08-05T00:00:00,2026-08-05T00:00:00,FIR-0055
REL-0000838,P-000061,,MENTIONED_IN_FIR,0.1,2026-08-05T00:00:00,2026-08-05T00:00:00,FIR-0055
REL-0000839,P-000062,P-000062,MENTIONED_IN_FIR,0.1,2026-08-09T00:00:00,2026-08-09T00:00:00,FIR-0056
REL-0000840,P-000062,PH-000005,MENTIONED_IN_FIR,0.1,2026-08-09T00:00:00,2026-08-09T00:00:00,FIR-0056
REL-0000841,P-000062,,MENTIONED_IN_FIR,0.1,2026-08-09T00:00:00,2026-08-09T00:00:00,FIR-0056
REL-0000842,P-000063,P-000063,MENTIONED_IN_FIR,0.1,2026-07-30T00:00:00,2026-07-30T00:00:00,FIR-0057
REL-0000843,P-000063,PH-000005,MENTIONED_IN_FIR,0.1,2026-07-30T00:00:00,2026-07-30T00:00:00,FIR-0057
REL-0000844,P-000063,,MENTIONED_IN_FIR,0.1,2026-07-30T00:00:00,2026-07-30T00:00:00,FIR-0057
REL-0000845,P-000064,P-000064,MENTIONED_IN_FIR,0.1,2026-08-01T00:00:00,2026-08-01T00:00:00,FIR-0058
REL-0000846,P-000064,PH-000005,MENTIONED_IN_FIR,0.1,2026-08-01T00:00:00,2026-08-01T00:00:00,FIR-0058
REL-0000847,P-000064,,MENTIONED_IN_FIR,0.1,2026-08-01T00:00:00,2026-08-01T00:00:00,FIR-0058
REL-0000848,P-000065,P-000065,MENTIONED_IN_FIR,0.1,2026-08-11T00:00:00,2026-08-11T00:00:00,FIR-0059
REL-0000849,P-000065,PH-000006,MENTIONED_IN_FIR,0.1,2026-08-11T00:00:00,2026-08-11T00:00:00,FIR-0059
REL-0000850,P-000065,,MENTIONED_IN_FIR,0.1,2026-08-11T00:00:00,2026-08-11T00:00:00,FIR-0059
REL-0000851,P-000066,P-000066,MENTIONED_IN_FIR,0.1,2026-07-23T00:00:00,2026-07-23T00:00:00,FIR-0060
REL-0000852,P-000066,PH-000006,MENTIONED_IN_FIR,0.1,2026-07-23T00:00:00,2026-07-23T00:00:00,FIR-0060
REL-0000853,P-000066,,MENTIONED_IN_FIR,0.1,2026-07-23T00:00:00,2026-07-23T00:00:00,FIR-0060
REL-0000854,P-000067,P-000067,MENTIONED_IN_FIR,0.1,2026-08-04T00:00:00,2026-08-04T00:00:00,FIR-0061
REL-0000855,P-000067,PH-000006,MENTIONED_IN_FIR,0.1,2026-08-04T00:00:00,2026-08-04T00:00:00,FIR-0061
REL-0000856,P-000067,,MENTIONED_IN_FIR,0.1,2026-08-04T00:00:00,2026-08-04T00:00:00,FIR-0061
REL-0000857,P-000068,P-000068,MENTIONED_IN_FIR,0.1,2026-08-10T00:00:00,2026-08-10T00:00:00,FIR-0062
REL-0000858,P-000068,PH-000006,MENTIONED_IN_FIR,0.1,2026-08-10T00:00:00,2026-08-10T00:00:00,FIR-0062
REL-0000859,P-000068,,MENTIONED_IN_FIR,0.1,2026-08-10T00:00:00,2026-08-10T00:00:00,FIR-0062
REL-0000860,P-000069,P-000069,MENTIONED_IN_FIR,0.1,2026-08-10T00:00:00,2026-08-10T00:00:00,FIR-0063
REL-0000861,P-000069,PH-000006,MENTIONED_IN_FIR,0.1,2026-08-10T00:00:00,2026-08-10T00:00:00,FIR-0063
REL-0000862,P-000069,,MENTIONED_IN_FIR,0.1,2026-08-10T00:00:00,2026-08-10T00:00:00,FIR-0063
REL-0000863,P-000070,P-000070,MENTIONED_IN_FIR,0.1,2026-08-08T00:00:00,2026-08-08T00:00:00,FIR-0064
REL-0000864,P-000070,PH-000006,MENTIONED_IN_FIR,0.1,2026-08-08T00:00:00,2026-08-08T00:00:00,FIR-0064
REL-0000865,P-000070,,MENTIONED_IN_FIR,0.1,2026-08-08T00:00:00,2026-08-08T00:00:00,FIR-0064
REL-0000866,P-000071,P-000071,MENTIONED_IN_FIR,0.1,2026-08-10T00:00:00,2026-08-10T00:00:00,FIR-0065
REL-0000867,P-000071,PH-000006,MENTIONED_IN_FIR,0.1,2026-08-10T00:00:00,2026-08-10T00:00:00,FIR-0065
REL-0000868,P-000071,,MENTIONED_IN_FIR,0.1,2026-08-10T00:00:00,2026-08-10T00:00:00,FIR-0065
REL-0000869,P-000072,P-000072,MENTIONED_IN_FIR,0.1,2026-08-06T00:00:00,2026-08-06T00:00:00,FIR-0066
REL-0000870,P-000072,PH-000006,MENTIONED_IN_FIR,0.1,2026-08-06T00:00:00,2026-08-06T00:00:00,FIR-0066
REL-0000871,P-000072,,MENTIONED_IN_FIR,0.1,2026-08-06T00:00:00,2026-08-06T00:00:00,FIR-0066
REL-0000872,P-000073,P-000073,MENTIONED_IN_FIR,0.1,2026-08-10T00:00:00,2026-08-10T00:00:00,FIR-0067
REL-0000873,P-000073,PH-000006,MENTIONED_IN_FIR,0.1,2026-08-10T00:00:00,2026-08-10T00:00:00,FIR-0067
REL-0000874,P-000073,,MENTIONED_IN_FIR,0.1,2026-08-10T00:00:00,2026-08-10T00:00:00,FIR-0067
REL-0000875,P-000074,P-000074,MENTIONED_IN_FIR,0.1,2026-08-03T00:00:00,2026-08-03T00:00:00,FIR-0068
REL-0000876,P-000074,PH-000006,MENTIONED_IN_FIR,0.1,2026-08-03T00:00:00,2026-08-03T00:00:00,FIR-0068
REL-0000877,P-000074,,MENTIONED_IN_FIR,0.1,2026-08-03T00:00:00,2026-08-03T00:00:00,FIR-0068
REL-0000878,P-000075,P-000075,MENTIONED_IN_FIR,0.1,2026-08-16T00:00:00,2026-08-16T00:00:00,FIR-0069
REL-0000879,P-000075,PH-000006,MENTIONED_IN_FIR,0.1,2026-08-16T00:00:00,2026-08-16T00:00:00,FIR-0069
REL-0000880,P-000075,,MENTIONED_IN_FIR,0.1,2026-08-16T00:00:00,2026-08-16T00:00:00,FIR-0069
REL-0000881,P-000076,P-000076,MENTIONED_IN_FIR,0.1,2026-07-25T00:00:00,2026-07-25T00:00:00,FIR-0070
REL-0000882,P-000076,PH-000006,MENTIONED_IN_FIR,0.1,2026-07-25T00:00:00,2026-07-25T00:00:00,FIR-0070
REL-0000883,P-000076,,MENTIONED_IN_FIR,0.1,2026-07-25T00:00:00,2026-07-25T00:00:00,FIR-0070
REL-0000884,P-000077,P-000077,MENTIONED_IN_FIR,0.1,2026-08-03T00:00:00,2026-08-03T00:00:00,FIR-0071
REL-0000885,P-000077,PH-000006,MENTIONED_IN_FIR,0.1,2026-08-03T00:00:00,2026-08-03T00:00:00,FIR-0071
REL-0000886,P-000077,,MENTIONED_IN_FIR,0.1,2026-08-03T00:00:00,2026-08-03T00:00:00,FIR-0071
REL-0000887,P-000078,P-000078,MENTIONED_IN_FIR,0.1,2026-07-28T00:00:00,2026-07-28T00:00:00,FIR-0072
REL-0000888,P-000078,PH-000006,MENTIONED_IN_FIR,0.1,2026-07-28T00:00:00,2026-07-28T00:00:00,FIR-0072
REL-0000889,P-000078,,MENTIONED_IN_FIR,0.1,2026-07-28T00:00:00,2026-07-28T00:00:00,FIR-0072
REL-0000890,P-000079,P-000079,MENTIONED_IN_FIR,0.1,2026-08-10T00:00:00,2026-08-10T00:00:00,FIR-0073
REL-0000891,P-000079,PH-000006,MENTIONED_IN_FIR,0.1,2026-08-10T00:00:00,2026-08-10T00:00:00,FIR-0073
REL-0000892,P-000079,,MENTIONED_IN_FIR,0.1,2026-08-10T00:00:00,2026-08-10T00:00:00,FIR-0073
REL-0000893,P-000080,P-000080,MENTIONED_IN_FIR,0.1,2026-08-01T00:00:00,2026-08-01T00:00:00,FIR-0074
REL-0000894,P-000080,PH-000006,MENTIONED_IN_FIR,0.1,2026-08-01T00:00:00,2026-08-01T00:00:00,FIR-0074
REL-0000895,P-000080,,MENTIONED_IN_FIR,0.1,2026-08-01T00:00:00,2026-08-01T00:00:00,FIR-0074
REL-0000896,P-000081,P-000081,MENTIONED_IN_FIR,0.1,2026-07-27T00:00:00,2026-07-27T00:00:00,FIR-0075
REL-0000897,P-000081,PH-000006,MENTIONED_IN_FIR,0.1,2026-07-27T00:00:00,2026-07-27T00:00:00,FIR-0075
REL-0000898,P-000081,,MENTIONED_IN_FIR,0.1,2026-07-27T00:00:00,2026-07-27T00:00:00,FIR-0075
REL-0000899,P-000082,P-000082,MENTIONED_IN_FIR,0.1,2026-08-17T00:00:00,2026-08-17T00:00:00,FIR-0076
REL-0000900,P-000082,PH-000006,MENTIONED_IN_FIR,0.1,2026-08-17T00:00:00,2026-08-17T00:00:00,FIR-0076
REL-0000901,P-000082,,MENTIONED_IN_FIR,0.1,2026-08-17T00:00:00,2026-08-17T00:00:00,FIR-0076
REL-0000902,P-000083,P-000083,MENTIONED_IN_FIR,0.1,2026-08-01T00:00:00,2026-08-01T00:00:00,FIR-0077
REL-0000903,P-000083,PH-000006,MENTIONED_IN_FIR,0.1,2026-08-01T00:00:00,2026-08-01T00:00:00,FIR-0077
REL-0000904,P-000083,,MENTIONED_IN_FIR,0.1,2026-08-01T00:00:00,2026-08-01T00:00:00,FIR-0077
REL-0000905,P-000084,P-000084,MENTIONED_IN_FIR,0.1,2026-08-10T00:00:00,2026-08-10T00:00:00,FIR-0078
REL-0000906,P-000084,PH-000006,MENTIONED_IN_FIR,0.1,2026-08-10T00:00:00,2026-08-10T00:00:00,FIR-0078
REL-0000907,P-000084,,MENTIONED_IN_FIR,0.1,2026-08-10T00:00:00,2026-08-10T00:00:00,FIR-0078
REL-0000908,P-000085,P-000085,MENTIONED_IN_FIR,0.1,2026-08-04T00:00:00,2026-08-04T00:00:00,FIR-0079
REL-0000909,P-000085,PH-000006,MENTIONED_IN_FIR,0.1,2026-08-04T00:00:00,2026-08-04T00:00:00,FIR-0079
REL-0000910,P-000085,,MENTIONED_IN_FIR,0.1,2026-08-04T00:00:00,2026-08-04T00:00:00,FIR-0079
REL-0000911,P-000086,P-000086,MENTIONED_IN_FIR,0.1,2026-07-28T00:00:00,2026-07-28T00:00:00,FIR-0080
REL-0000912,P-000086,PH-000006,MENTIONED_IN_FIR,0.1,2026-07-28T00:00:00,2026-07-28T00:00:00,FIR-0080
REL-0000913,P-000086,,MENTIONED_IN_FIR,0.1,2026-07-28T00:00:00,2026-07-28T00:00:00,FIR-0080
REL-0000914,P-000087,P-000087,MENTIONED_IN_FIR,0.1,2026-08-05T00:00:00,2026-08-05T00:00:00,FIR-0081
REL-0000915,P-000087,PH-000006,MENTIONED_IN_FIR,0.1,2026-08-05T00:00:00,2026-08-05T00:00:00,FIR-0081
REL-0000916,P-000087,,MENTIONED_IN_FIR,0.1,2026-08-05T00:00:00,2026-08-05T00:00:00,FIR-0081
REL-0000917,P-000088,P-000088,MENTIONED_IN_FIR,0.1,2026-08-09T00:00:00,2026-08-09T00:00:00,FIR-0082
REL-0000918,P-000088,PH-000006,MENTIONED_IN_FIR,0.1,2026-08-09T00:00:00,2026-08-09T00:00:00,FIR-0082
REL-0000919,P-000088,,MENTIONED_IN_FIR,0.1,2026-08-09T00:00:00,2026-08-09T00:00:00,FIR-0082
