person_id,canonical_name,aliases,gender,age,occupation,state,district,address,source_docs
P-000001,Faqid Rana,FaqidRana,male,35,Unemployed,Telangana,Warangal,"15/90, Kala Circle, Chandigarh 613186",
P-000002,Mitesh Golla,,male,26,Unemployed,Telangana,Rangareddy,"H.No. 18, Bhasin Zila, Mehsana 579754",
P-000003,Gautam Kohli,,male,21,Shop Assistant,Telangana,Warangal,"75/74, Bora, Anand 252760",
P-000004,Naksh Oak,Shri Naksh Oak;NakshOak,male,21,Data Entry Operator,Telangana,Hyderabad,"71/14, Bhattacharyya Chowk, Tirupati 465075",
P-000005,Dalbir Tak,,male,20,Unemployed,Telangana,Warangal,"H.No. 23, Raman Marg, Jodhpur 768426",
P-000006,Sarthak Parmer,,male,40,,Telangana,Hyderabad,"122, Kaul Ganj, Shivpuri-440268",
P-000007,Odika Dass,,female,19,Teacher,Uttarakhand,Nainital,"86/666, Subramaniam Zila, Ghaziabad 137215",
P-000008,Dalaja Acharya,,female,52,Farmer,Uttarakhand,Haldwani,"H.No. 90, Johal Zila, Jalgaon-595711",
P-000009,Viraj Srinivasan,V. Srinivasan;Shri Viraj Srinivasan,male,65,Government Employee,Haryana,Gurugram,"H.No. 215, Srinivas Road, Hazaribagh-385280",
P-000010,Chandani Lal,,female,39,Accountant,Haryana,Panipat,"H.No. 38, Thakkar Circle, Rajahmundry 363387",
P-000011,Amrita Bala,Shri Amrita Bala;A. Bala,female,49,Doctor,Karnataka,Bengaluru Urban,"H.No. 39, Sekhon Path, Bharatpur 313735",
P-000012,Wyatt Agarwal,,male,47,Software Engineer,Jharkhand,Jamtara,"11/637, Saraf Street, Chandigarh-761222",
P-000013,Forum Shroff,,female,26,Student,Madhya Pradesh,Indore,"52/882, Atwal Nagar, Hajipur-633043",
P-000014,Zashil Khosla,,male,42,,Kerala,Ernakulam,"62/05, Varughese Chowk, Orai 828807",
P-000015,Aahana Doctor,,female,40,Student,Karnataka,Bengaluru Urban,"91, Bhatia Circle, Kadapa-180334",
P-000016,Chavvi Tripathi,,female,55,Student,Kerala,Thiruvananthapuram,"H.No. 759, Vala Circle, Bally-887838",
P-000017,Harrison Sem,,male,45,Government Employee,Kerala,Thiruvananthapuram,"H.No. 675, Khosla Zila, Srinagar-412524",
P-000018,Vinaya Kanda,Shri Vinaya Kanda;VinayaKanda,female,33,,Haryana,Gurugram,"23, Sankar Street, Sonipat 355150",
P-000019,Veer Sastry,,male,43,Government Employee,Jharkhand,Ranchi,"H.No. 89, Vala Road, Gorakhpur 114402",
P-000020,Dhruv Sami,,male,59,,Telangana,Rangareddy,"889, Narain Chowk, Alwar 261401",
P-000021,Benjamin Kapadia,,male,35,Government Employee,Punjab,Ludhiana,"H.No. 705, Sahni Circle, Bikaner 831240",
P-000022,Harrison Muni,,male,28,Accountant,Rajasthan,Jaipur,"H.No. 78, Madan Street, Surat 000883",
P-000023,Krisha Sekhon,,female,22,Retired,Maharashtra,Pune,"78/684, Karpe Ganj, Davanagere 650201",
P-000024,Upasna Gade,,female,50,Doctor,Telangana,Warangal,"68/493, Bath Road, Udaipur 470455",
P-000025,Krisha Banerjee,K. Banerjee,female,56,Bank Employee,Uttar Pradesh,Kanpur,"H.No. 20, Raj Path, Fatehpur 833801",
P-000026,Chanchal Dhawan,Shri Chanchal Dhawan;C. Dhawan,female,36,Accountant,Punjab,Ludhiana,"04, Kaul Road, Bhimavaram-965724",
P-000027,Anya Varghese,Shri Anya Varghese,female,19,Government Employee,Gujarat,Rajkot,"89/09, Chada Ganj, Kalyan-Dombivli-516780",
P-000028,Jason Suri,,male,46,Government Employee,Maharashtra,Nashik,"18, Chanda Circle, Bhalswa Jahangir Pur 143337",
P-000029,Sai Bose,,female,69,Homemaker,Maharashtra,Mumbai,"H.No. 931, Din, Rohtak-992070",
P-000030,Lipika Chaudhary,L. Chaudhary;LipikaChaudhary,female,22,Farmer,Bihar,Bhagalpur,"H.No. 84, Shukla Chowk, Kochi-417047",
P-000031,Zehaan Sengupta,,male,25,Accountant,Kerala,Thiruvananthapuram,"319, Dhar Zila, Karimnagar 984153",
P-000032,Xavier Ramesh,,male,29,Shop Owner,Madhya Pradesh,Gwalior,"H.No. 776, Dhaliwal Road, Hapur 515055",
P-000033,Darpan Hayre,,male,53,,Maharashtra,Pune,"H.No. 51, Ramakrishnan Marg, Karimnagar 404104",
P-000034,Jeet Lata,,male,59,Shop Owner,Maharashtra,Nashik,"560, Jani Marg, Dhanbad-792470",
P-000035,Harinakshi Sodhi,,female,49,Government Employee,Assam,Dibrugarh,"H.No. 44, Ravi Road, Barasat-861221",
P-000036,Zashil Tank,Shri Zashil Tank;ZashilTank,male,38,Bank Employee,Assam,Dibrugarh,"H.No. 76, Hans Street, Mysore-581535",
P-000037,Harrison Bahri,HarrisonBahri,male,72,Retired,Gujarat,Surat,"83, Madan Marg, Ghaziabad-495288",
P-000038,Charita Madan,,female,38,Student,Jharkhand,Jamtara,"76, Bains Road, Patna-797016",
P-000039,Udarsh Kothari,,male,22,Homemaker,Jharkhand,Jamtara,"281, Chada Chowk, Mumbai 390424",
P-000040,Dayita Chaudhary,D. Chaudhary;DayitaChaudhary,female,67,Teacher,Bihar,Gaya,"93/64, Agarwal Ganj, Siwan 745378",
P-000041,Jatin Balakrishnan,,male,33,Accountant,Madhya Pradesh,Bhopal,"H.No. 037, Bumb Marg, Ambattur-537056",
P-000042,Siya Hora,,female,73,Bank Employee,Maharashtra,Nagpur,"81/373, Hari Road, Kirari Suleman Nagar 441979",
P-000043,Isaac Sundaram,,male,58,Student,Tamil Nadu,Salem,"26/03, Dhar Nagar, Faridabad-267511",
P-000044,Omya Halder,,female,32,Farmer,Odisha,Rourkela,"H.No. 465, Savant Path, Moradabad-141561",
P-000045,Ranveer Parikh,R. Parikh,male,71,Retired,Punjab,Amritsar,"H.No. 073, Sekhon Path, North Dumdum 706360",
P-000046,Anika Shetty,,female,20,Software Engineer,Delhi,South Delhi,"H.No. 31, Nori, Darbhanga 904544",
P-000047,Bachittar Bajwa,BachittarBajwa,male,72,Driver,Telangana,Warangal,"76, Sani Road, Mira-Bhayandar-204293",
P-000048,Odika Sharma,,female,50,Doctor,Telangana,Warangal,"36/23, Bhattacharyya Marg, Ongole 261149",
P-000049,Hemang Char,,male,29,Retired,Tamil Nadu,Coimbatore,"72/326, Keer Chowk, Durg-494544",
P-000050,Urvashi Kota,,female,21,Homemaker,Maharashtra,Thane,"249, Narain Ganj, Tenali-388317",
P-000051,Charan Agrawal,,male,39,Doctor,Madhya Pradesh,Indore,"50, Kaul Road, Dhanbad-993158",
P-000052,Udarsh Lad,UdarshLad,male,29,Bank Employee,Bihar,Gaya,"99/530, Oak Path, Varanasi 409305",
P-000053,Ria Goyal,Shri Ria Goyal,female,66,Doctor,Assam,Guwahati,"078, Bhatnagar Chowk, Salem 828126",
P-000054,Samarth Mander,,male,58,Driver,Kerala,Ernakulam,"H.No. 495, Saha Marg, Bharatpur 663062",
P-000055,Dakshesh Chana,,male,47,Driver,Telangana,Rangareddy,"22, Behl Nagar, Sikar-995822",
P-000056,Meghana Edwin,,female,50,Teacher,Assam,Dibrugarh,"H.No. 673, Date Road, Karawal Nagar-096192",
P-000057,Tanmayi Hayre,,female,21,Teacher,West Bengal,Kolkata,"30/68, Rajagopal Street, Amravati-330805",
P-000058,Saumya Shah,,female,57,Farmer,Karnataka,Belagavi,"H.No. 93, Ramachandran Marg, Amroha 200977",
P-000059,Vansha Shanker,,female,53,Accountant,Gujarat,Vadodara,"11, Parmer Street, Ambarnath-788002",
P-000060,Nirja Vaidya,N. Vaidya;NirjaVaidya,female,68,Doctor,Rajasthan,Udaipur,"62/01, Choudhary, Mira-Bhayandar 423159",
P-000061,Gauri Naik,,female,64,Accountant,Uttarakhand,Dehradun,"487, Lall Ganj, Imphal 032624",
P-000062,Raghav Ganguly,,male,25,Bank Employee,Madhya Pradesh,Bhopal,"05/78, Cheema Circle, Jorhat 546592",
P-000063,Noah Bumb,Shri Noah Bumb;N. Bumb,male,28,Government Employee,Haryana,Gurugram,"904, Kulkarni Circle, Bhimavaram-003249",
P-000064,Turvi Vala,T. Vala,female,50,Government Employee,Telangana,Rangareddy,"739, Bains Nagar, Delhi 418583",
P-000065,Matthew Deol,,male,66,Bank Employee,Jharkhand,Ranchi,"72/20, Dixit Ganj, Jalandhar-246400",
P-000066,Vamakshi Vasa,,female,24,,Assam,Dibrugarh,"000, Bakshi Circle, Gaya-201098",
P-000067,Ekavir Sachdev,,male,31,Farmer,Bihar,Patna,"28/41, Bava Road, Siwan-667172",
P-000068,Damini Lal,D. Lal,female,30,Doctor,Punjab,Amritsar,"H.No. 540, Sarin Road, Sagar-180243",
P-000069,Gauri Narain,,female,46,Teacher,Tamil Nadu,Coimbatore,"H.No. 93, Yadav Marg, Chittoor-063943",
P-000070,Balvan Garg,,male,44,Government Employee,Delhi,North Delhi,"H.No. 119, Pai Street, Bhopal-020101",
P-000071,Irya Walla,,female,70,Government Employee,West Bengal,Howrah,"H.No. 333, Bandi Zila, Chandigarh 712134",
P-000072,Pahal Sampath,PahalSampath;Shri Pahal Sampath,female,52,Shop Owner,Madhya Pradesh,Bhopal,"H.No. 44, Pillai Nagar, Madanapalle 490606",
P-000073,Oscar Singh,OscarSingh,male,51,Software Engineer,Karnataka,Mangaluru,"19/426, Viswanathan Nagar, Tumkur 057172",
P-000074,Prisha Varma,Shri Prisha Varma,female,61,Shop Owner,Rajasthan,Jaipur,"H.No. 33, Gandhi Chowk, Jodhpur 815516",
P-000075,Chameli Sami,,female,35,Shop Owner,Uttarakhand,Haldwani,"446, Thaker Circle, Nadiad 728990",
P-000076,Omisha Vig,,female,29,Government Employee,Rajasthan,Jaipur,"85/277, Kashyap Road, Thanjavur-383449",
P-000077,Faras Kota,FarasKota;Shri Faras Kota,male,22,Homemaker,Haryana,Panipat,"353, Chaudry Road, Kota 622446",
P-000078,Guneet Chopra,,male,47,Software Engineer,West Bengal,Howrah,"670, Rastogi Nagar, Korba 702496",
P-000079,Keya Sani,,female,18,Doctor,Assam,Guwahati,"93/217, Munshi Marg, Navi Mumbai-362467",
P-000080,Advaith Rout,,male,61,Accountant,Odisha,Rourkela,"H.No. 671, Krishnamurthy Nagar, Nanded-851978",
P-000081,Vyanjana Vala,,female,68,Homemaker,Haryana,Panipat,"56/73, Ramanathan Street, Srikakulam 044660",
P-000082,Bishakha Sahota,,female,43,Farmer,Telangana,Rangareddy,"41/34, Vyas Marg, Katni-322137",
P-000083,Eta Pandit,E. Pandit,female,60,Retired,Karnataka,Mangaluru,"H.No. 82, Pant Chowk, Shimoga-462704",
P-000084,Jason Mittal,,male,24,Driver,Assam,Dibrugarh,"69, Patil Zila, Avadi 019528",
P-000085,Abhimanyu Apte,AbhimanyuApte;A. Apte,male,37,Shop Owner,Delhi,South Delhi,"44/919, Kaur Street, Bidhannagar-236829",
P-000086,Manthan Hora,,male,35,Homemaker,Uttarakhand,Haldwani,"17/18, Lalla Zila, Muzaffarpur-778077",
P-000087,Yatan Koshy,Shri Yatan Koshy,male,63,Software Engineer,Bihar,Patna,"90/25, Tank Chowk, Kirari Suleman Nagar-661250",
P-000088,Arin Narayanan,,male,22,Homemaker,Assam,Guwahati,"20, Sagar Ganj, Sonipat 557883",
P-000089,Teerth Oommen,Shri Teerth Oommen,male,22,Call Centre Executive,Telangana,Hyderabad,"04/45, Raval Chowk, Ambala-853715",
P-000090,Nathan Mistry,,male,18,Sales Executive,Telangana,Rangareddy,"H.No. 686, Bawa Circle, Dewas-003790",
P-000091,Ethan Butala,,male,37,Unemployed,Telangana,Rangareddy,"72/120, Chaudhuri Marg, Arrah-484426",
P-000092,Nathaniel Bahri,,male,25,Data Entry Operator,Haryana,Gurugram,"98, Dani Nagar, Ramgarh-710699",
P-000093,Wazir Sachar,,male,34,Freelancer,Assam,Dibrugarh,"73/206, Andra Nagar, Hubli–Dharwad 127049",
P-000094,Varenya Grover,Shri Varenya Grover;VarenyaGrover,female,46,Shop Assistant,Karnataka,Mysuru,"21/487, Kumar Chowk, Patna 009164",
P-000095,Fitan Sur,F. Sur;FitanSur,male,49,Unemployed,West Bengal,Howrah,"H.No. 97, Ganesan Chowk, Bhiwandi 267674",
P-000096,Madhav Mammen,M. Mammen;MadhavMammen,male,42,Shop Assistant,Odisha,Bhubaneswar,"02/94, Sangha, Gandhinagar 693740",
P-000097,Karan Loyal,KaranLoyal,male,38,Sales Executive,Rajasthan,Jodhpur,"04/29, Mahal Street, Sri Ganganagar-887633",
P-000098,Ayush Rana,,male,36,Shop Assistant,Punjab,Amritsar,"H.No. 90, Sharaf Marg, Jorhat-136984",
P-000099,William Toor,WilliamToor,male,58,Freelancer,Assam,Dibrugarh,"312, Patil Road, Sambhal-307515",
P-000100,Banjeet Dugal,,male,55,Shop Assistant,West Bengal,Siliguri,"H.No. 48, Bail, Visakhapatnam 979934",
P-000101,Tanay Chatterjee,Shri Tanay Chatterjee;TanayChatterjee,male,21,Call Centre Executive,Odisha,Cuttack,"H.No. 05, Golla Ganj, Gwalior-008577",
P-000102,Rushil Dar,,male,22,Data Entry Operator,Tamil Nadu,Salem,"H.No. 93, Toor Zila, South Dumdum 253320",
P-000103,Patrick Bhargava,P. Bhargava,male,59,Unemployed,Madhya Pradesh,Gwalior,"H.No. 87, Chaudhuri Nagar, Ratlam 349971",
P-000104,Neel Prabhu,,male,19,Freelancer,Uttarakhand,Dehradun,"H.No. 576, Sastry Street, Asansol 730231",
P-000105,Ekiya Sekhon,E. Sekhon;Shri Ekiya Sekhon,female,34,Sales Executive,Madhya Pradesh,Indore,"H.No. 175, Kaur Path, Bhiwandi 253027",
P-000106,Theodore Dixit,TheodoreDixit,male,42,,Telangana,Warangal,"32, Madan Nagar, Thanjavur 471577",
P-000107,Faraj Varghese,F. Varghese;FarajVarghese,male,74,Sales Executive,Tamil Nadu,Chennai,"74/14, Patla Ganj, Bhilwara 316462",
P-000108,Manan Dhawan,,male,35,Sales Executive,Karnataka,Belagavi,"58/27, Vyas Nagar, Gaya 606349",
P-000109,Ekapad Gole,,male,43,Sales Executive,Gujarat,Ahmedabad,"911, Tandon, Akola-293943",
P-000110,Bachittar Venkatesh,,male,40,Sales Executive,Gujarat,Ahmedabad,"55/47, Aurora Zila, Morena-432950",
P-000111,Quincy Agrawal,Shri Quincy Agrawal;QuincyAgrawal,male,65,Shop Assistant,Gujarat,Rajkot,"11/53, Raj Path, Jalna 778088",
P-000112,Advaith Kohli,,male,46,Data Entry Operator,Bihar,Bhagalpur,"22/14, Balan Road, Jalandhar 409978",
P-000113,Tristan Chauhan,,male,47,Unemployed,Punjab,Amritsar,"20/417, Tella Chowk, Bhubaneswar 162893",
P-000114,Ethan Shere,,male,37,Call Centre Executive,Assam,Dibrugarh,"H.No. 669, Vora, Tenali-556356",
P-000115,Sai Bera,,male,27,Call Centre Executive,Tamil Nadu,Coimbatore,"53/605, Wali Zila, Coimbatore 638032",
P-000116,Rushil Setty,,male,39,Sales Executive,Assam,Guwahati,"H.No. 949, Banik Road, Chandrapur 806304",
P-000117,Michael Palan,MichaelPalan;M. Palan,male,29,Data Entry Operator,Uttar Pradesh,Ghaziabad,"H.No. 984, Shukla Zila, Gandhidham-824694",
P-000118,Jairaj Chahal,JairajChahal,male,30,Data Entry Operator,Uttar Pradesh,Lucknow,"93/63, Peri Circle, Motihari 977403",
P-000119,Indrajit Gulati,,male,39,Call Centre Executive,Assam,Dibrugarh,"H.No. 523, Nanda Path, Gopalpur-340028",
P-000120,Owen Sarraf,,male,40,Call Centre Executive,Odisha,Rourkela,"51, Kar Circle, Erode 523994",
P-000121,Wazir Luthra,,male,23,Unemployed,West Bengal,Siliguri,"H.No. 068, Dalal, Sikar-649916",
P-000122,Veer Mani,,male,21,Data Entry Operator,Punjab,Jalandhar,"H.No. 68, Rajagopalan Circle, Chennai 674284",
P-000123,Tejas Purohit,,male,41,Data Entry Operator,Uttar Pradesh,Lucknow,"H.No. 59, Nanda Ganj, Purnia-004974",
P-000124,Tejas Varughese,,male,24,Data Entry Operator,Maharashtra,Nagpur,"50, Panchal, Hyderabad-831658",
P-000125,Ganga Guha,Shri Ganga Guha,female,25,Shop Assistant,Tamil Nadu,Salem,"79, Oza, Tirunelveli-551482",
P-000126,Manan Oza,,male,68,,Tamil Nadu,Madurai,"48/38, Sachar Ganj, Allahabad-590600",
P-000127,Aarnav Modi,,male,22,Sales Executive,Rajasthan,Jaipur,"00/32, Lata Chowk, Ramgarh-691228",
P-000128,Akshay Chaudhry,Shri Akshay Chaudhry,male,71,Shop Assistant,Tamil Nadu,Coimbatore,"77/96, Arora Nagar, Asansol 542041",
P-000129,Owen Handa,,male,51,Shop Assistant,Rajasthan,Udaipur,"H.No. 036, Bassi, Meerut-330292",
P-000130,Aarush Shah,,male,36,Shop Assistant,Assam,Guwahati,"47/13, Kant Marg, Tirupati 703122",
P-000131,Ranveer Grover,,male,30,Sales Executive,Bihar,Bhagalpur,"85, Nayak Zila, Thanjavur 116583",
P-000132,Ikshita Sibal,IkshitaSibal,female,40,Sales Executive,Bihar,Bhagalpur,"604, Om Nagar, New Delhi 134828",
P-000133,Vivaan Khatri,,male,34,Shop Assistant,Bihar,Patna,"H.No. 36, Joshi Marg, Fatehpur-372497",
P-000134,Jatin Raval,JatinRaval,male,40,Call Centre Executive,Maharashtra,Mumbai,"H.No. 818, Rajan Road, Tezpur-406123",
P-000135,Girindra Chopra,,male,42,Call Centre Executive,Karnataka,Mangaluru,"43/14, Kara Zila, Cuttack 456724",
P-000136,Alexander Peri,,male,28,Shop Assistant,Karnataka,Mysuru,"H.No. 736, Chaudhari Path, Jalna 493060",
P-000137,Tanveer Hora,,male,25,Sales Executive,Assam,Guwahati,"08, Gola Road, Jehanabad 846950",
P-000138,Luke Basak,L. Basak;LukeBasak,male,31,Sales Executive,Madhya Pradesh,Bhopal,"10/535, Sahni Zila, Tadepalligudem 481567",
P-000139,Zayan Sethi,,male,18,Shop Assistant,Odisha,Bhubaneswar,"82, Gulati Chowk, Karaikudi 282384",
P-000140,Ayushman Ganguly,,male,30,Data Entry Operator,Tamil Nadu,Salem,"13, Devan Road, Morbi 330872",
P-000141,Mason Deol,MasonDeol;Shri Mason Deol,male,29,Unemployed,Telangana,Warangal,"H.No. 18, Gara Marg, Khora -631405",
P-000142,Ishanvi Bassi,,female,39,Sales Executive,Uttar Pradesh,Ghaziabad,"H.No. 31, Sem Road, Nanded 779542",
P-000143,Arin Apte,ArinApte,male,42,Shop Assistant,Madhya Pradesh,Gwalior,"H.No. 594, Suresh Zila, Unnao-850514",
P-000144,Jason Brar,Shri Jason Brar,male,18,Data Entry Operator,Haryana,Gurugram,"H.No. 624, Grewal Path, Kota-956255",
P-000145,Qarin Deshpande,,male,37,Call Centre Executive,Assam,Guwahati,"001, Rau, Thrissur 672499",
P-000146,Ekavir Karan,EkavirKaran;Shri Ekavir Karan,male,25,Sales Executive,Karnataka,Mysuru,"61, Sarraf Nagar, Jhansi-500986",
P-000147,Lucky Bora,L. Bora,male,57,Unemployed,Telangana,Rangareddy,"H.No. 17, Goda Nagar, Burhanpur 079593",
P-000148,Chaman Naik,C. Naik;Shri Chaman Naik,female,26,Sales Executive,Maharashtra,Mumbai,"26/99, Bhasin Zila, Narasaraopet-996572",
P-000149,Onveer Wali,,male,32,Call Centre Executive,Kerala,Ernakulam,"712, Prabhu, Karimnagar 976413",
P-000150,Harrison Choudhury,,male,37,Call Centre Executive,Tamil Nadu,Madurai,"13/847, Shanker Ganj, Hosur-899161",
P-000151,Ekalinga Thakur,,male,35,Call Centre Executive,Odisha,Cuttack,"68, Handa Street, Tiruchirappalli 590630",
P-000152,Ansh Aurora,,male,32,Unemployed,Bihar,Gaya,"H.No. 12, Chahal Marg, Phusro-525504",
P-000153,Jagdish Pradhan,,male,20,Call Centre Executive,Gujarat,Vadodara,"H.No. 951, Narang Path, Visakhapatnam 453709",
P-000154,Dakshesh Bail,,male,43,Freelancer,Madhya Pradesh,Gwalior,"H.No. 422, Mann Circle, Asansol-847005",
P-000155,Yagnesh Thaker,Shri Yagnesh Thaker,male,18,Shop Assistant,Maharashtra,Mumbai,"H.No. 129, Ramanathan, Kozhikode-639815",
P-000156,Hritik Mukhopadhyay,,male,31,,Tamil Nadu,Chennai,"257, Sidhu Path, Raichur-059753",
P-000157,Jeet Sharaf,,male,28,Unemployed,Maharashtra,Thane,"24/641, Lala Circle, Jehanabad 081369",
P-000158,Pratyush Manda,,male,28,Data Entry Operator,West Bengal,Siliguri,"14/558, Palla Ganj, Thanjavur-557853",
P-000159,Owen Dora,,male,44,Unemployed,Assam,Dibrugarh,"H.No. 767, Mittal Marg, Dharmavaram-244498",
P-000160,Balhaar Gupta,BalhaarGupta;B. Gupta,male,21,Data Entry Operator,Assam,Dibrugarh,"H.No. 95, Parikh Chowk, Jabalpur 524480",
P-000161,Krish Khalsa,K. Khalsa;Shri Krish Khalsa,male,52,Freelancer,Uttar Pradesh,Varanasi,"H.No. 673, Mandal, Thiruvananthapuram 029011",
P-000162,Ekansh Ahluwalia,,male,42,Shop Assistant,Jharkhand,Jamtara,"05/03, Narain Path, Shivpuri-952060",
P-000163,Oliver Talwar,OliverTalwar,male,26,Freelancer,Haryana,Gurugram,"00, Munshi Path, Vijayanagaram-210232",
P-000164,Praneel Pathak,,male,57,Data Entry Operator,Haryana,Panipat,"98/29, Narayanan, Tadipatri-704878",
P-000165,Pratyush Virk,,male,44,Freelancer,Telangana,Hyderabad,"H.No. 08, Chaudhry Chowk, Saharanpur 610921",
P-000166,Zashil Jayaraman,,male,40,Unemployed,Uttar Pradesh,Kanpur,"52/22, Balakrishnan Circle, Latur-735673",
P-000167,Agastya Chokshi,,male,32,Data Entry Operator,Gujarat,Rajkot,"65/039, Rout Marg, Rajahmundry 404633",
P-000168,Harsh Nanda,,male,35,Call Centre Executive,Telangana,Warangal,"H.No. 73, Dugar, Shimoga-441507",
P-000169,Faris Nagarajan,,male,52,Call Centre Executive,Uttar Pradesh,Varanasi,"03/50, Gopal Chowk, Kolhapur-012024",
P-000170,Zayan Pandey,,male,23,Sales Executive,Uttarakhand,Haldwani,"61, Nori Marg, Thanjavur 933002",
P-000171,Tanveer Cheema,,male,29,Call Centre Executive,Telangana,Hyderabad,"H.No. 11, Sura Zila, Hajipur 023828",
P-000172,Zilmil Pandya,,female,33,Call Centre Executive,Kerala,Kozhikode,"H.No. 33, Mahajan Zila, Kanpur-410380",
P-000173,Pratyush Loke,,male,33,,Karnataka,Mangaluru,"07/848, Roy Path, Silchar 586626",
P-000174,Samarth Dhar,,male,43,Shop Assistant,Punjab,Amritsar,"84/96, Issac Ganj, Chandigarh 068578",
P-000175,Vedant Acharya,,male,40,Data Entry Operator,Delhi,South Delhi,"59/86, Radhakrishnan Ganj, Rajkot-849518",
P-000176,Kevin Lala,,male,43,Unemployed,Kerala,Kozhikode,"97/93, Bhatti Street, Loni-825322",
P-000177,Gaurang Bassi,G. Bassi;GaurangBassi,male,19,Call Centre Executive,Gujarat,Vadodara,"H.No. 61, Dube Marg, Gandhinagar 558847",
P-000178,Laksh Randhawa,,male,32,Freelancer,Telangana,Warangal,"17/728, Ahuja Street, Ambarnath 839585",
P-000179,Jonathan Badami,Shri Jonathan Badami;J. Badami,male,25,Call Centre Executive,Bihar,Gaya,"40/92, Maharaj Road, Rohtak-471871",
P-000180,Devansh Sampath,Shri Devansh Sampath,male,55,Shop Assistant,Delhi,New Delhi,"H.No. 765, Merchant Nagar, Chinsurah 536929",
P-000181,Quincy Bhatnagar,,male,56,Call Centre Executive,Punjab,Ludhiana,"H.No. 176, Vora Marg, Mehsana-199776",
P-000182,Warjas Goda,Shri Warjas Goda,male,21,Unemployed,Gujarat,Vadodara,"72, Andra Circle, Kollam 804856",
P-000183,Dhriti Chana,,female,22,Data Entry Operator,Maharashtra,Nagpur,"01/71, Sha Ganj, Kollam-708692",
P-000184,Aryan Dhingra,,male,41,,Karnataka,Mysuru,"802, Maharaj Circle, Chandigarh 644868",
P-000185,Atharv Mohanty,AtharvMohanty,male,22,Data Entry Operator,Tamil Nadu,Coimbatore,"68, Mody Road, Mira-Bhayandar 385779",
P-000186,Qadim Om,,male,36,,Rajasthan,Jaipur,"80/508, Rege Zila, Vadodara-374339",
P-000187,Samaksh Saxena,,male,35,Unemployed,Maharashtra,Thane,"H.No. 261, Devan Nagar, Kavali-208273",
P-000188,Jagvi Warrior,,female,55,Data Entry Operator,Punjab,Ludhiana,"38/171, Chand Ganj, Vijayanagaram-476202",
P-000189,Fariq Sekhon,,male,25,Freelancer,Delhi,West Delhi,"58/24, Nair Road, Saharanpur 605624",
P-000190,Chakradhar Hora,,male,36,Unemployed,Bihar,Gaya,"26/561, Pandey Nagar, Bhagalpur-475071",
P-000191,Xavier Mammen,Shri Xavier Mammen;X. Mammen,male,38,Unemployed,Telangana,Warangal,"274, Mital Ganj, Amaravati 053240",
P-000192,Ojas Palla,,male,52,Freelancer,Punjab,Amritsar,"552, Misra Zila, Karaikudi-181296",
P-000193,Andrew Bandi,A. Bandi;AndrewBandi,male,37,Freelancer,Bihar,Bhagalpur,"26, Pandit, Dindigul 521507",
P-000194,Falan Lal,,male,44,Unemployed,Maharashtra,Thane,"127, Wason Road, Anantapur 329808",
P-000195,Qadim Hora,,male,25,Sales Executive,Maharashtra,Mumbai,"32/38, Khatri Circle, Kanpur 079331",
P-000196,Ganga Lalla,,female,34,Data Entry Operator,Bihar,Bhagalpur,"98, Manne Zila, Guwahati 339803",
P-000197,Om Chaudhari,,male,32,Sales Executive,West Bengal,Siliguri,"24/51, Goswami Chowk, Ratlam 601328",
P-000198,Faqid Padmanabhan,,male,31,Sales Executive,Punjab,Jalandhar,"351, Srinivasan Nagar, Mehsana-191305",
P-000199,Chakradhar Palla,,male,25,Freelancer,Gujarat,Surat,"72/440, Gala Chowk, Kharagpur-981143",
P-000200,Hardik Shankar,,male,37,Freelancer,Punjab,Ludhiana,"06/65, Ravi Marg, Ambattur-964047",
P-000201,Christopher Soman,Shri Christopher Soman,male,65,Unemployed,Karnataka,Bengaluru Urban,"47/25, Kala Circle, Raichur-790451",
P-000202,Girik Sathe,,male,73,Unemployed,Rajasthan,Udaipur,"H.No. 306, Ramakrishnan Street, Thoothukudi-523596",
P-000203,Zaid Nagar,,male,38,Freelancer,Madhya Pradesh,Gwalior,"80, Gill Nagar, Sambalpur-945188",
P-000204,Ekansh Kulkarni,Shri Ekansh Kulkarni,male,37,Sales Executive,Jharkhand,Dhanbad,"95/74, Pathak Road, Gandhinagar-775001",
P-000205,Vanya Mukhopadhyay,VanyaMukhopadhyay,female,34,,Jharkhand,Dhanbad,"H.No. 572, Madan Nagar, Maheshtala-629434",
P-000206,Shivansh Reddy,S. Reddy,male,40,Freelancer,Uttar Pradesh,Ghaziabad,"54, Edwin Path, Nashik 238024",
P-000207,Nachiket Bera,,male,34,,Maharashtra,Nashik,"H.No. 24, Soman Road, Udupi 761456",
P-000208,Reyansh Sodhi,Shri Reyansh Sodhi,male,24,Sales Executive,Haryana,Panipat,"978, Dutta Marg, Varanasi 487861",
P-000209,Shivani Patil,,female,54,Shop Assistant,Bihar,Patna,"14/700, Mody Circle, Madanapalle-431819",
P-000210,Christopher Mohanty,,male,24,Unemployed,Kerala,Ernakulam,"16/656, Tata Marg, Etawah-288642",
P-000211,Omkaar Bhatti,,male,32,Shop Assistant,Odisha,Bhubaneswar,"09/39, Raval Marg, Chapra-223381",
P-000212,Anay Raj,Shri Anay Raj;AnayRaj,male,36,Sales Executive,Uttar Pradesh,Ghaziabad,"69/419, Upadhyay, Narasaraopet 341591",
P-000213,Alka Varughese,AlkaVarughese;Shri Alka Varughese,female,25,Unemployed,Uttarakhand,Nainital,"H.No. 30, Dewan Chowk, Panipat 798900",
P-000214,Christopher Sule,,male,37,Shop Assistant,Rajasthan,Udaipur,"55/893, Joshi Ganj, Gangtok-320846",
P-000215,Azad Mahal,,male,24,Shop Assistant,Telangana,Hyderabad,"68, Rege, Pimpri-Chinchwad 854179",
P-000216,Tanveer Setty,,male,66,Freelancer,Uttar Pradesh,Ghaziabad,"H.No. 93, Rau Zila, Ichalkaranji-180733",
P-000217,Isha Minhas,,female,68,Sales Executive,Assam,Guwahati,"H.No. 536, Yogi Nagar, Proddatur 295541",
P-000218,Gagan Pant,,male,23,Sales Executive,Delhi,New Delhi,"71/512, Sinha Path, Gwalior-572189",
P-000219,Robert Kadakia,,male,31,Shop Assistant,Bihar,Bhagalpur,"03/486, Dyal Marg, Guntur 013986",
P-000220,Aayush Chadha,,male,21,Data Entry Operator,Delhi,New Delhi,"981, Nigam Path, Shivpuri-033561",
P-000221,Dev Iyengar,,male,33,Data Entry Operator,Rajasthan,Udaipur,"97/19, Singhal Nagar, Silchar-779217",
P-000222,Azad Khare,,male,57,Unemployed,Odisha,Bhubaneswar,"93, Kibe Nagar, Kollam-070633",
P-000223,Samuel Lall,,male,44,Shop Assistant,Haryana,Gurugram,"07, Char Zila, Asansol 985186",
P-000224,Balendra Balan,,male,44,Shop Assistant,Uttar Pradesh,Kanpur,"08/947, Amble Marg, Nagpur 873136",
P-000225,Caleb Venkatesh,,male,27,Call Centre Executive,Haryana,Faridabad,"H.No. 311, Mahal Path, Tirupati 279953",
P-000226,Balveer Borde,,male,49,Data Entry Operator,Jharkhand,Jamtara,"93/867, Kade Marg, Lucknow 026029",
P-000227,Timothy Kumer,,male,53,Sales Executive,Punjab,Ludhiana,"H.No. 50, Raja Path, Ujjain-279543",
P-000228,Triveni Yogi,Shri Triveni Yogi,female,28,Freelancer,Tamil Nadu,Salem,"855, Khare Nagar, Vijayawada 105655",
P-000229,Darsh Shanker,,male,70,Data Entry Operator,Rajasthan,Jodhpur,"08/36, Chakraborty Circle, Bellary-046129",
P-000230,Fiyaz Mane,,male,52,Freelancer,Gujarat,Vadodara,"H.No. 40, Kadakia Zila, Tadipatri-191641",
P-000231,Bahadurjit Wason,,male,26,Data Entry Operator,Jharkhand,Dhanbad,"H.No. 12, Chowdhury Circle, Sasaram 721446",
P-000232,Gabriel Saxena,,male,42,Shop Assistant,Punjab,Amritsar,"H.No. 53, Rama Nagar, Aligarh 554903",
P-000233,Chaitanya Dugar,,male,43,Freelancer,Rajasthan,Udaipur,"027, Bhandari Zila, Rohtak 993014",
P-000234,Krish De,,male,34,Data Entry Operator,Karnataka,Mangaluru,"22/54, Peri Path, Nagaon 324603",
P-000235,Imaran Rajagopalan,,male,18,Data Entry Operator,Kerala,Kozhikode,"74/001, Pingle Marg, Ichalkaranji 777117",
P-000236,Chakradhar Ravel,,male,27,Shop Assistant,Odisha,Bhubaneswar,"23, Sarraf Marg, Kochi 145773",
P-000237,Ayush Bora,,male,21,Freelancer,Karnataka,Bengaluru Urban,"39/961, Sankaran Nagar, Mathura-853117",
P-000238,Vivaan Sharma,,male,38,Call Centre Executive,Bihar,Bhagalpur,"51, Mand Ganj, Jabalpur-774280",
P-000239,Wahab Balay,,male,31,Freelancer,Madhya Pradesh,Indore,"92/526, Barman Path, South Dumdum-097173",
P-000240,Luke Sarna,,male,44,Sales Executive,Karnataka,Mangaluru,"H.No. 59, Bhatti Ganj, Nagpur-057317",
P-000241,Yatan Kala,,male,55,Data Entry Operator,Kerala,Ernakulam,"34, Madan Chowk, Pondicherry-625609",
P-000242,Faris Khare,,male,26,Unemployed,Odisha,Cuttack,"49/77, Raju Circle, Bhilwara 814622",
P-000243,Naveen Bhandari,,male,46,Shop Assistant,Maharashtra,Nashik,"21, Sethi, Nizamabad-246106",
P-000244,Abhiram Mann,,male,43,Sales Executive,Tamil Nadu,Chennai,"261, Puri Circle, Anand 737895",
P-000245,Tejas Borra,,male,37,Data Entry Operator,Odisha,Rourkela,"436, Viswanathan Path, Srinagar 973507",
P-000246,Onkar Gole,,male,35,Call Centre Executive,Madhya Pradesh,Bhopal,"613, Rege Circle, Guntur-556752",
P-000247,Hritik Lata,,male,44,Shop Assistant,Odisha,Rourkela,"26/96, Singh Zila, Thoothukudi 565270",
P-000248,Ronith Pingle,Shri Ronith Pingle;R. Pingle,male,38,Sales Executive,Maharashtra,Mumbai,"33/93, Mitra Path, Ujjain 979030",
P-000249,Madhavi Balakrishnan,,female,58,Sales Executive,Kerala,Thiruvananthapuram,"130, Karpe Street, Bilaspur 001113",
P-000250,Wahab Nayak,Shri Wahab Nayak,male,32,Freelancer,Uttar Pradesh,Noida,"H.No. 46, Kuruvilla Chowk, Pimpri-Chinchwad 424119",
P-000251,Karan Deep,,male,21,Call Centre Executive,Punjab,Amritsar,"72/39, Behl Circle, Bhusawal 403417",
P-000252,Bachittar Doshi,Shri Bachittar Doshi,male,25,Call Centre Executive,Jharkhand,Ranchi,"39, Sodhi Zila, Durgapur-393173",
P-000253,Zashil Sampath,,male,37,Freelancer,Telangana,Hyderabad,"H.No. 303, Mannan Circle, Malda 234422",
P-000254,Isaiah Sheth,I. Sheth;Shri Isaiah Sheth,male,41,Shop Assistant,Uttar Pradesh,Varanasi,"58, Bhakta Road, Hubli–Dharwad 058322",
P-000255,Vihaan Balan,,male,31,Data Entry Operator,Jharkhand,Jamtara,"H.No. 885, Wadhwa Chowk, Aurangabad-196671",
P-000256,Indrajit Sengupta,,male,42,Unemployed,Delhi,South Delhi,"65/875, Behl, Sirsa 420821",
P-000257,Anay Mital,,male,56,Freelancer,West Bengal,Siliguri,"81, Ramesh Street, Faridabad 428115",
P-000258,Samar Gara,,male,31,Freelancer,Kerala,Ernakulam,"65, Dasgupta Path, Berhampore-146732",
P-000259,Viraj Ramaswamy,,male,49,Data Entry Operator,Karnataka,Bengaluru Urban,"37/185, Bala Ganj, Anand-295525",
P-000260,Shaurya Bhalla,S. Bhalla,male,35,Shop Assistant,Bihar,Gaya,"50/49, Barad Nagar, Ambattur 454595",
P-000261,Ranbir Mander,Shri Ranbir Mander;R. Mander,male,40,Data Entry Operator,Rajasthan,Udaipur,"H.No. 693, Garg Nagar, Aizawl 856642",
P-000262,Om Bhakta,,male,43,Shop Assistant,Delhi,New Delhi,"H.No. 28, Shah Nagar, Nandyal 355311",
P-000263,Nihal Bal,,male,29,Sales Executive,Jharkhand,Jamtara,"H.No. 19, Tank Zila, Davanagere 647649",
P-000264,Nathaniel Pai,,male,43,Unemployed,Rajasthan,Udaipur,"19/98, Sule Zila, Erode 333585",
P-000265,Anay Shenoy,,male,18,Sales Executive,Rajasthan,Udaipur,"26/128, Varma Road, Salem-903562",
P-000266,Brinda Saha,,female,34,Data Entry Operator,Punjab,Amritsar,"H.No. 58, Swamy Street, Asansol-822081",
P-000267,Avi Bhakta,A. Bhakta;AviBhakta,male,43,,Bihar,Bhagalpur,"38/72, Kala Circle, Jamnagar-062949",
P-000268,Jackson Salvi,,male,28,Freelancer,Karnataka,Mangaluru,"H.No. 105, Khalsa Street, Ahmednagar-392391",
P-000269,Hritik Mahajan,HritikMahajan;Shri Hritik Mahajan,male,24,Sales Executive,Odisha,Rourkela,"07, Boase Zila, Ajmer-723856",
P-000270,Hardik Kari,,male,41,Unemployed,Gujarat,Rajkot,"H.No. 96, Mukherjee Road, Bellary-123951",
P-000271,George Sahni,G. Sahni;GeorgeSahni,male,19,Shop Assistant,Rajasthan,Jaipur,"77/47, Hora Circle, Guntakal-823156",
P-000272,Saksham Chaudhry,,male,20,Shop Assistant,Madhya Pradesh,Bhopal,"H.No. 56, Shroff Street, Kalyan-Dombivli 586694",
P-000273,Aarnav Dhillon,,male,19,Shop Assistant,Karnataka,Belagavi,"H.No. 99, Oak Ganj, Jamalpur 241209",
P-000274,Wriddhish Sastry,,male,38,Freelancer,Karnataka,Belagavi,"H.No. 80, Wali Path, Morena-546999",
P-000275,Abhiram Prabhakar,AbhiramPrabhakar;Shri Abhiram Prabhakar,male,23,Data Entry Operator,Haryana,Faridabad,"H.No. 80, Natarajan Road, Shimla-601330",
P-000276,Falak Mukhopadhyay,Shri Falak Mukhopadhyay,female,18,Data Entry Operator,Assam,Guwahati,"H.No. 641, Dhawan Zila, Jalgaon-307661",
P-000277,Dev Mitra,,male,18,Call Centre Executive,Madhya Pradesh,Gwalior,"H.No. 210, Narang Nagar, Gorakhpur 212395",
P-000278,Pranit Dara,,male,26,,Uttar Pradesh,Kanpur,"64, Kaul Chowk, Nagpur-222507",
P-000279,Thomas Atwal,,male,37,Sales Executive,Jharkhand,Jamtara,"H.No. 956, Divan Circle, Kishanganj-726208",
P-000280,Pratyush Sachdeva,P. Sachdeva;PratyushSachdeva,male,29,Call Centre Executive,Punjab,Jalandhar,"65/799, Mutti Street, Jhansi-390955",
P-000281,Om Dutt,Shri Om Dutt,male,40,Freelancer,Bihar,Bhagalpur,"H.No. 702, Butala Marg, Durg-019216",
P-000282,Dakshesh Saran,,male,45,Unemployed,Bihar,Gaya,"H.No. 751, Tak Nagar, Kakinada-445388",
P-000283,Liam Shan,,male,24,Shop Assistant,West Bengal,Kolkata,"71/024, Zachariah Nagar, Nagercoil 348077",
P-000284,Caleb Bumb,Shri Caleb Bumb,male,60,Call Centre Executive,Karnataka,Bengaluru Urban,"97, Mannan Zila, Narasaraopet 212845",
P-000285,Finn Kapoor,,male,22,Freelancer,Kerala,Ernakulam,"H.No. 40, Dyal Ganj, Rajkot-897316",
P-000286,Naksh Bhasin,,male,56,Sales Executive,Assam,Guwahati,"77/834, Verma Street, Begusarai-622777",
P-000287,Qarin Chaudhary,,male,30,Shop Assistant,Madhya Pradesh,Indore,"515, Choudhury Marg, Panchkula-569825",
P-000288,Nathan Jayaraman,NathanJayaraman;N. Jayaraman,male,25,Unemployed,Bihar,Patna,"H.No. 75, Patil, Davanagere-539344",
P-000289,Azad Salvi,,male,51,Unemployed,Jharkhand,Ranchi,"13/88, Khalsa Zila, Baranagar 390406",
P-000290,Logan Munshi,L. Munshi;LoganMunshi,male,48,Freelancer,Kerala,Kozhikode,"H.No. 98, Arya Street, Mangalore 131498",
P-000291,Rehaan Ravel,Shri Rehaan Ravel;R. Ravel,male,48,Unemployed,Delhi,North Delhi,"61/48, Sangha Street, Lucknow 069862",
P-000292,Qadim Deol,Q. Deol;Shri Qadim Deol,male,65,,Delhi,North Delhi,"H.No. 82, Dugar Street, Jalgaon 912489",
P-000293,Yadavi Sachar,YadaviSachar;Y. Sachar,female,35,Shop Assistant,Bihar,Gaya,"03/623, Khurana Nagar, New Delhi-796657",
P-000294,Indrajit Bawa,,male,42,Unemployed,Rajasthan,Udaipur,"H.No. 923, Lad Zila, Bathinda-516418",
P-000295,Jason Dubey,,male,30,,Gujarat,Surat,"51, Sanghvi Circle, Dharmavaram-712048",
P-000296,Oliver Batta,OliverBatta,male,49,Call Centre Executive,Uttarakhand,Dehradun,"62/33, Lad Marg, Mysore 703613",
P-000297,Caleb Yadav,,male,24,Unemployed,Telangana,Hyderabad,"H.No. 34, Kapadia Path, Rewa 612110",
P-000298,Karan Chaudhry,,male,22,Unemployed,Odisha,Cuttack,"H.No. 31, Sem Chowk, Rajkot-221762",
P-000299,George Bath,,male,32,Call Centre Executive,Rajasthan,Udaipur,"H.No. 30, Loyal Ganj, Tirunelveli 642772",
P-000300,Dominic Chand,,male,28,,Madhya Pradesh,Bhopal,"24/116, Kant Zila, Jamnagar-514958",
P-000301,Guneet Mukhopadhyay,Shri Guneet Mukhopadhyay,male,41,Unemployed,Uttar Pradesh,Lucknow,"52/558, Kapadia Circle, Ambala-806692",
P-000302,Manan Majumdar,,male,21,Sales Executive,Telangana,Warangal,"H.No. 87, Vaidya Ganj, Tinsukia 460475",
P-000303,Upkaar Parmar,,male,36,Data Entry Operator,Odisha,Rourkela,"H.No. 15, Kaur Ganj, Rohtak 048055",
P-000304,Amol Sarkar,,male,22,Shop Assistant,Jharkhand,Jamtara,"H.No. 57, Grewal Zila, Kota 347025",
P-000305,Theodore Mani,,male,24,Call Centre Executive,Assam,Dibrugarh,"H.No. 22, Pandey Street, Ghaziabad-502066",
P-000306,Faqid Prasad,,male,23,Call Centre Executive,Telangana,Warangal,"H.No. 78, Kumer Marg, Katni 260515",
P-000307,Dev Banerjee,D. Banerjee,male,29,Unemployed,Gujarat,Surat,"H.No. 999, Memon Ganj, Kollam-379951",
P-000308,Nicholas Varty,,male,38,Call Centre Executive,Kerala,Ernakulam,"H.No. 337, Saha Road, Kanpur 156363",
P-000309,Jai Purohit,,male,42,Freelancer,Haryana,Faridabad,"H.No. 77, Arya Chowk, Nadiad 399297",
P-000310,Fariq Cheema,,male,38,Call Centre Executive,Bihar,Bhagalpur,"H.No. 473, Bir Nagar, Mysore 506687",
P-000311,Owen Varty,,male,29,Sales Executive,Bihar,Patna,"H.No. 887, Prabhu Zila, Hosur 365599",
P-000312,Lucky Chad,,male,22,Shop Assistant,Rajasthan,Jaipur,"H.No. 85, Narasimhan Street, Sonipat 605360",
P-000313,Hardik Wali,,male,22,Shop Assistant,Gujarat,Surat,"43, Shankar Street, Dindigul-063560",
P-000314,Warinder Hora,,male,19,Unemployed,Delhi,New Delhi,"22/482, Garg, Ramagundam-791244",
P-000315,Harish Kapadia,,male,31,Shop Assistant,Uttar Pradesh,Noida,"25/77, Gala Circle, Aligarh-990982",
P-000316,Bakhshi Goel,BakhshiGoel;Shri Bakhshi Goel,male,43,Shop Assistant,Telangana,Rangareddy,"37/17, Khare Circle, Panihati 590255",
P-000317,Bimala Bajaj,BimalaBajaj,female,20,Freelancer,Odisha,Bhubaneswar,"444, Jayaraman Zila, Madanapalle 800434",
P-000318,Wyatt Dhar,WyattDhar;Shri Wyatt Dhar,male,43,Call Centre Executive,Haryana,Faridabad,"73, Mand Ganj, Sasaram-246031",
P-000319,Thomas Pillay,,male,28,Sales Executive,Odisha,Cuttack,"70/95, Kadakia Marg, Sri Ganganagar-628262",
P-000320,Zehaan Kadakia,,male,28,Call Centre Executive,Tamil Nadu,Salem,"H.No. 91, Majumdar Road, Bhilai-469935",
P-000321,Aachal Mittal,,female,21,Call Centre Executive,Odisha,Bhubaneswar,"89/92, Master Street, Raebareli 663126",
P-000322,Falan Nadkarni,,male,27,Shop Assistant,Assam,Dibrugarh,"42, Goswami Zila, Nanded-983787",
P-000323,Abhiram Iyengar,A. Iyengar,male,44,Unemployed,Odisha,Bhubaneswar,"91/863, Kari Road, Sri Ganganagar-171242",
P-000324,Chandresh Bhasin,ChandreshBhasin;C. Bhasin,male,64,Shop Assistant,Maharashtra,Thane,"314, Chadha Road, Unnao 404735",
P-000325,Triveni Comar,,female,28,Data Entry Operator,Punjab,Amritsar,"H.No. 517, Bajaj Chowk, Bhagalpur-056686",
P-000326,Nachiket Sahni,,male,59,Data Entry Operator,Rajasthan,Jaipur,"69/874, Ray Street, Rajpur Sonarpur 837938",
P-000327,Balveer Pillay,Shri Balveer Pillay;BalveerPillay,male,25,Unemployed,Karnataka,Bengaluru Urban,"H.No. 472, Singhal Ganj, Dewas-326040",
P-000328,Timothy Nair,,male,34,Unemployed,Delhi,West Delhi,"H.No. 201, Bassi Road, Farrukhabad-111405",
P-000329,Rudra Thaker,RudraThaker;R. Thaker,male,22,Freelancer,Bihar,Patna,"H.No. 874, Sawhney Chowk, Aligarh-363576",
P-000330,Liam Choudhary,,male,29,Freelancer,Gujarat,Rajkot,"H.No. 32, Ramakrishnan Chowk, Mirzapur 982624",
P-000331,Darsh Badal,D. Badal;Shri Darsh Badal,male,36,Freelancer,Punjab,Jalandhar,"H.No. 974, Sarraf, Kota-648065",
P-000332,Warjas Chakrabarti,,male,32,Sales Executive,Uttarakhand,Dehradun,"831, Hayer Zila, Durgapur 674935",
P-000333,Chasmum Rege,,female,22,Data Entry Operator,Rajasthan,Jaipur,"H.No. 161, Kale, Mehsana 296047",
P-000334,Mason Maharaj,Shri Mason Maharaj,male,29,Call Centre Executive,Jharkhand,Dhanbad,"75/35, Nadig Zila, Aizawl 368499",
P-000335,Teerth Shroff,,male,19,Call Centre Executive,Delhi,New Delhi,"828, Buch Nagar, Akola 493672",
P-000336,Mason Chawla,MasonChawla,male,56,Unemployed,Odisha,Rourkela,"86/036, Sandal Marg, Dindigul-696863",
P-000337,Ekavir Vala,EkavirVala,male,36,Sales Executive,Gujarat,Surat,"H.No. 131, Gera Circle, Agartala 754952",
P-000338,Harinakshi Chakrabarti,,female,26,Teacher,Assam,Dibrugarh,"51, Dubey Circle, Suryapet-544143",
P-000339,Abeer Saran,,male,52,Driver,Odisha,Rourkela,"07, Acharya Marg, Ambattur-430917",
P-000340,Zayyan Chana,,male,58,Driver,Haryana,Gurugram,"H.No. 30, Balay Path, Gudivada-978262",
P-000341,Lila Pal,,female,44,Homemaker,Maharashtra,Nagpur,"195, Saraf, Ramagundam-085810",
P-000342,Lakshmi Lad,,female,34,Shop Owner,Uttar Pradesh,Ghaziabad,"77/77, Nadkarni, Udupi 132323",
P-000343,Oliver Guha,,male,66,Accountant,Maharashtra,Nagpur,"02, Ghosh Nagar, Aurangabad 700768",
P-000344,Triveni Kata,,female,47,Bank Employee,Jharkhand,Jamtara,"63/54, Sagar Chowk, Howrah-509633",
P-000345,Abeer Bala,A. Bala,male,40,Farmer,Maharashtra,Pune,"77, Chaudhary Path, Amaravati 064691",
P-000346,Zansi Prashad,Shri Zansi Prashad;Z. Prashad,female,21,Shop Owner,Maharashtra,Pune,"H.No. 617, Thaman Marg, Bhiwandi 409694",
P-000347,Vritti Kota,,female,71,Driver,Assam,Dibrugarh,"14, Ben, Aizawl 969067",
P-000348,William Modi,,male,73,Accountant,Tamil Nadu,Coimbatore,"02/503, Gala Nagar, Patiala 389599",
P-000349,NirjaVaidya,,female,68,Doctor,Rajasthan,Udaipur,"62/01, Choudhary, Mira-Bhayandar 423159",
P-000350,Ekavir Sachdev,,male,31,Farmer,Bihar,Patna,"28/41, Bava Road, Siwan-667172",
P-000351,Manan Dhawan,,male,35,Sales Executive,Karnataka,Belagavi,"58/27, Vyas Nagar, Gaya 606349",
P-000352,Ekavir Karan,,male,25,Sales Executive,Karnataka,Mysuru,"61, Sarraf Nagar, Jhansi-500986",
P-000353,Qadim Om,,male,36,Sales Executive,Rajasthan,Jaipur,"80/508, Rege Zila, Vadodara-374339",
P-000354,Chakradhar Hora,,male,36,Unemployed,Bihar,Gaya,"26/561, Pandey Nagar, Bhagalpur-475071",
P-000355,Reyansh Sodhi,,male,24,Sales Executive,Haryana,Panipat,"978, Dutta Marg, Varanasi 487861",
P-000356,Hritik Lata,,male,44,Shop Assistant,Odisha,Rourkela,"26/96, Singh Zila, Thoothukudi 565270",
P-000357,WahabNayak,,male,32,Freelancer,Uttar Pradesh,Noida,"H.No. 46, Kuruvilla Chowk, Pimpri-Chinchwad 424119",
P-000358,Ranbir Mander,,male,40,Data Entry Operator,Rajasthan,Udaipur,"H.No. 693, Garg Nagar, Aizawl 856642",
P-000359,Zehaan Kadakia,,male,28,Call Centre Executive,Tamil Nadu,Salem,"H.No. 91, Majumdar Road, Bhilai-469935",
